addressZZZS,cityZZZS,lat,lon,street,streetAlt,housenumber,housenumberAppendix,city,cityAlt,municipality,zipCode,zipName
POLHOV GRADEC 13,1355 POLHOV GRADEC,46.06521,14.31457,Polhov Gradec,,13,,Polhov Gradec,,Dobrova-Polhov Gradec,1355,Polhov Gradec
PODGORJE 64 A,2381 PODGORJE PRI SLOVENJ GRADCU,46.48078,15.07995,Podgorje,,64,A,Podgorje,,Slovenj Gradec,2381,Podgorje pri Slovenj Gradcu
VREČKOVA ULICA 3,4000 KRANJ,46.23503,14.36105,Vrečkova ulica,,3,,Kranj,,Kranj,4000,Kranj
ULICA BRATOV BABNIK 10,1000 LJUBLJANA,46.07645,14.46600,Ulica bratov Babnik,,10,,Ljubljana,,Ljubljana,1000,Ljubljana
GORENJA VAS - RETEČE 58 B,1215 MEDVODE,46.15128,14.38319,Gorenja vas - Reteče,,58,B,Gorenja vas - Reteče,,Škofja Loka,1215,Medvode
PARTIZANSKA CESTA 63,6210 SEŽANA,45.70583,13.86426,Partizanska cesta,,63,,Sežana,,Sežana,6210,Sežana
TRG 27,8216 MIRNA PEČ,45.85842,15.08385,Trg,,27,,Mirna Peč,,Mirna Peč,8216,Mirna Peč
FRENKOVA ULICA 7,6280 ANKARAN - ANCARANO,45.58296,13.73466,Frenkova ulica,Via Franc Planinc-Frenk,7,,Ankaran,Ancarano,Ankaran,6280,Ankaran - Ancarano
POT NA LISICE 4,4260 BLED,46.36823,14.13080,Pot na Lisice,,4,,Bled,,Bled,4260,Bled
BRIGADIRSKA CESTA 16,1360 VRHNIKA,45.96273,14.30258,Brigadirska cesta,,16,,Verd,,Vrhnika,1360,Vrhnika
NOVI TRG 26 A,1241 KAMNIK,46.22082,14.61321,Novi trg,,26,A,Kamnik,,Kamnik,1241,Kamnik
CELJSKA CESTA 7,3250 ROGAŠKA SLATINA,46.23915,15.63321,Celjska cesta,,7,,Rogaška Slatina,,Rogaška Slatina,3250,Rogaška Slatina
KOMENSKEGA ULICA 19,1000 LJUBLJANA,46.05341,14.51253,Komenskega ulica,,19,,Ljubljana,,Ljubljana,1000,Ljubljana
MAJNIKOVA ULICA 1,1310 RIBNICA,45.74238,14.72596,Majnikova ulica,,1,,Ribnica,,Ribnica,1310,Ribnica
NOVI TRG 26,1241 KAMNIK,46.22139,14.61328,Novi trg,,26,,Kamnik,,Kamnik,1241,Kamnik
CESTA BRATOV MRAVLJAKOV 13,3320 VELENJE,46.36272,15.11965,Cesta bratov Mravljakov,,13,,Velenje,,Velenje,3320,Velenje
TOVARNIŠKA CESTA 2 B,5270 AJDOVŠČINA,45.88681,13.90359,Tovarniška cesta,,2,B,Ajdovščina,,Ajdovščina,5270,Ajdovščina
VISOKO PRI POLJANAH 5,4220 ŠKOFJA LOKA,46.12637,14.21316,Visoko pri Poljanah,,5,,Visoko pri Poljanah,,Škofja Loka,4220,Škofja Loka
STARA CESTA 10,4220 ŠKOFJA LOKA,46.16618,14.31281,Stara cesta,,10,,Škofja Loka,,Škofja Loka,4220,Škofja Loka
LITIJSKA CESTA 161,1000 LJUBLJANA,46.04539,14.56288,Litijska cesta,,161,,Ljubljana,,Ljubljana,1000,Ljubljana
PARTIZANSKA ULICA 30,2310 SLOVENSKA BISTRICA,46.39552,15.56233,Partizanska ulica,,30,,Slovenska Bistrica,,Slovenska Bistrica,2310,Slovenska Bistrica
ULICA VLADIMIRJA DOLNIČARJA 11,1356 DOBROVA,46.05355,14.41726,Ulica Vladimirja Dolničarja,,11,,Dobrova,,Dobrova-Polhov Gradec,1356,Dobrova
KNAFELČEVA ULICA 31,2000 MARIBOR,46.53891,15.63321,Knafelčeva ulica,,31,,Maribor,,Maribor,2000,Maribor
SLADKI VRH 5,2214 SLADKI VRH,46.69756,15.73680,Sladki Vrh,,5,,Sladki Vrh,,Šentilj,2214,Sladki Vrh
SV. DUH 162,4220 ŠKOFJA LOKA,46.18482,14.32198,Sv. Duh,,162,,Sv. Duh,,Škofja Loka,4220,Škofja Loka
DORNAVA 135 A,2252 DORNAVA,46.43405,15.95139,Dornava,,135,A,Dornava,,Dornava,2252,Dornava
PARTIZANSKA ULICA 38,2360 RADLJE OB DRAVI,46.61458,15.22869,Partizanska ulica,,38,,Radlje ob Dravi,,Radlje ob Dravi,2360,Radlje ob Dravi
OSOJNIKOVA CESTA 9,2250 PTUJ,46.42061,15.87558,Osojnikova cesta,,9,,Ptuj,,Ptuj,2250,Ptuj
PODLUBNIK 307,4220 ŠKOFJA LOKA,46.17254,14.29175,Podlubnik,,307,,Škofja Loka,,Škofja Loka,4220,Škofja Loka
PRIJATELJEVA ULICA 2,1000 LJUBLJANA,46.04409,14.50840,Prijateljeva ulica,,2,,Ljubljana,,Ljubljana,1000,Ljubljana
BIZANTOVA CESTA 14,1215 MEDVODE,46.13248,14.41437,Bizantova cesta,,14,,Medvode,,Medvode,1215,Medvode
PRAPROČE 3,1355 POLHOV GRADEC,46.05929,14.29500,Praproče,,3,,Praproče,,Dobrova-Polhov Gradec,1355,Polhov Gradec
BISTRIŠKA CESTA 62,2319 POLJČANE,46.31290,15.57823,Bistriška cesta,,62,,Poljčane,,Poljčane,2319,Poljčane
POT V TOPLICE 9,2250 PTUJ,46.42154,15.85575,Pot v toplice,,9,,Ptuj,,Ptuj,2250,Ptuj
REJČEVA ULICA 4,5000 NOVA GORICA,45.95794,13.64553,Rejčeva ulica,,4,,Nova Gorica,,Nova Gorica,5000,Nova Gorica
REJČEVA ULICA 4,5000 NOVA GORICA,45.95794,13.64553,Rejčeva ulica,,4,,Nova Gorica,,Nova Gorica,5000,Nova Gorica
KNAFELČEVA ULICA 31,2000 MARIBOR,46.53891,15.63321,Knafelčeva ulica,,31,,Maribor,,Maribor,2000,Maribor
MLADINSKA ULICA 12,2314 ZGORNJA POLSKAVA,46.42702,15.61079,Mladinska ulica,,12,,Zgornja Polskava,,Slovenska Bistrica,2314,Zgornja Polskava
KOVAŠKA CESTA 22,3214 ZREČE,46.37959,15.38343,Kovaška cesta,,22,,Zreče,,Zreče,3214,Zreče
PREČNA ULICA 2,6230 POSTOJNA,45.77205,14.21042,Prečna ulica,,2,,Postojna,,Postojna,6230,Postojna
ULICA DR. HROVATA 4,2270 ORMOŽ,46.40724,16.14333,Ulica dr. Hrovata,,4,,Ormož,,Ormož,2270,Ormož
TRG 27,8216 MIRNA PEČ,45.85842,15.08385,Trg,,27,,Mirna Peč,,Mirna Peč,8216,Mirna Peč
ULICA DR. HROVATA 4,2270 ORMOŽ,46.40724,16.14333,Ulica dr. Hrovata,,4,,Ormož,,Ormož,2270,Ormož
ULICA DR. HROVATA 4,2270 ORMOŽ,46.40724,16.14333,Ulica dr. Hrovata,,4,,Ormož,,Ormož,2270,Ormož
ULICA TALCEV 17,8351 STRAŽA PRI NOVEM MESTU,45.78181,15.07112,Ulica talcev,,17,,Straža,,Straža,8351,Straža pri Novem mestu
POT V TOPLICE 9,2250 PTUJ,46.42154,15.85575,Pot v toplice,,9,,Ptuj,,Ptuj,2250,Ptuj
BLEJSKA CESTA 10,4290 TRŽIČ,46.36361,14.30654,Blejska cesta,,10,,Tržič,,Tržič,4290,Tržič
MAISTROVA ULICA 22,2230 LENART V SLOV. GORICAH,46.57734,15.82896,Maistrova ulica,,22,,Lenart v Slov. goricah,,Lenart,2230,Lenart v Slov. goricah
KOCLJEVA ULICA 10,9000 MURSKA SOBOTA,46.66002,16.16316,Kocljeva ulica,,10,,Murska Sobota,,Murska Sobota,9000,Murska Sobota
POTRČEVA CESTA 15,2250 PTUJ,46.42472,15.87653,Potrčeva cesta,,15,,Ptuj,,Ptuj,2250,Ptuj
STARA CESTA 10,4220 ŠKOFJA LOKA,46.16618,14.31281,Stara cesta,,10,,Škofja Loka,,Škofja Loka,4220,Škofja Loka
RADEHOVA 5 C,2230 LENART V SLOV. GORICAH,46.56767,15.84591,Radehova,,5,C,Radehova,,Lenart,2230,Lenart v Slov. goricah
KOPALIŠKA CESTA 7,4240 RADOVLJICA,46.34702,14.17201,Kopališka cesta,,7,,Radovljica,,Radovljica,4240,Radovljica
ULICA OKTOBRSKE REVOLUCIJE 11,6310 IZOLA - ISOLA,45.53464,13.66078,Ulica oktobrske revolucije,Via Rivoluzione d'Ottobre,11,,Izola,Isola,Izola,6310,Izola - Isola
ZORANINA ULICA 3,1234 MENGEŠ,46.16207,14.57100,Zoranina ulica,,3,,Mengeš,,Mengeš,1234,Mengeš
CESTA V ZADOBROVO 12,3000 CELJE,46.25725,15.29632,Cesta v Zadobrovo,,12,,Trnovlje pri Celju,,Celje,3000,Celje
CESTA LEONA DOBROTINŠKA 5,3230 ŠENTJUR,46.21421,15.39394,Cesta Leona Dobrotinška,,5,,Šentjur,,Šentjur,3230,Šentjur
SOKOLSKA ULICA 5,1295 IVANČNA GORICA,45.93826,14.80470,Sokolska ulica,,5,,Ivančna Gorica,,Ivančna Gorica,1295,Ivančna Gorica
GORENJSKA CESTA 8,4240 RADOVLJICA,46.34202,14.17349,Gorenjska cesta,,8,,Radovljica,,Radovljica,4240,Radovljica
NOVI DOM 11,1430 HRASTNIK,46.14030,15.08513,Novi dom,,11,,Hrastnik,,Hrastnik,1430,Hrastnik
ULICA ILIJE GREGORIČA 18 A,8270 KRŠKO,45.95890,15.50201,Ulica Ilije Gregoriča,,18,A,Krško,,Krško,8270,Krško
KOCLJEVA ULICA 10,9000 MURSKA SOBOTA,46.66002,16.16316,Kocljeva ulica,,10,,Murska Sobota,,Murska Sobota,9000,Murska Sobota
KOROŠKA CESTA 113 C,2000 MARIBOR,46.56093,15.62844,Koroška cesta,,113,C,Maribor,,Maribor,2000,Maribor
KOLEZIJSKA ULICA 25,1000 LJUBLJANA,46.04145,14.49750,Kolezijska ulica,,25,,Ljubljana,,Ljubljana,1000,Ljubljana
MARKOVCI 43,2281 MARKOVCI,46.39430,15.93041,Markovci,,43,,Markovci,,Markovci,2281,Markovci
ULICA OTONA ŽUPANČIČA 3,5280 IDRIJA,46.00220,14.03036,Ulica Otona Župančiča,,3,,Idrija,,Idrija,5280,Idrija
MESTNI TRG 2,1230 DOMŽALE,46.13975,14.59617,Mestni trg,,2,,Domžale,,Domžale,1230,Domžale
GREGORČIČEVA ULICA 11,1000 LJUBLJANA,46.04822,14.50041,Gregorčičeva ulica,,11,,Ljubljana,,Ljubljana,1000,Ljubljana
CIRKULANE 28,2282 CIRKULANE,46.34593,15.99901,Cirkulane,,28,,Cirkulane,,Cirkulane,2282,Cirkulane
SLOVENSKI TRG 4,2352 SELNICA OB DRAVI,46.55150,15.49303,Slovenski trg,,4,,Selnica ob Dravi,,Selnica ob Dravi,2352,Selnica ob Dravi
PARTIZANSKA POT 8 A,1270 LITIJA,46.05389,14.83656,Partizanska pot,,8,A,Litija,,Litija,1270,Litija
NA VASI 11,3205 VITANJE,46.38261,15.29604,Na vasi,,11,,Vitanje,,Vitanje,3205,Vitanje
NOVI TRG 26,1241 KAMNIK,46.22139,14.61328,Novi trg,,26,,Kamnik,,Kamnik,1241,Kamnik
TRG SVOBODE 26,2310 SLOVENSKA BISTRICA,46.39244,15.57267,Trg svobode,,26,,Slovenska Bistrica,,Slovenska Bistrica,2310,Slovenska Bistrica
PREŠERNOVA ULICA 8,4240 RADOVLJICA,46.34525,14.17034,Prešernova ulica,,8,,Radovljica,,Radovljica,4240,Radovljica
TBILISIJSKA ULICA 59,1000 LJUBLJANA,46.03762,14.47887,Tbilisijska ulica,,59,,Ljubljana,,Ljubljana,1000,Ljubljana
GOSPOSVETSKA ULICA 10 A,4000 KRANJ,46.24862,14.35322,Gosposvetska ulica,,10,A,Kranj,,Kranj,4000,Kranj
PREČNA ULICA 2,6230 POSTOJNA,45.77205,14.21042,Prečna ulica,,2,,Postojna,,Postojna,6230,Postojna
PODVRH 24,3330 MOZIRJE,46.33896,14.95551,Podvrh,,24,,Mozirje,,Mozirje,3330,Mozirje
FRANKOVO NASELJE 51,4220 ŠKOFJA LOKA,46.16964,14.32918,Frankovo naselje,,51,,Škofja Loka,,Škofja Loka,4220,Škofja Loka
ULICA OB IGRIŠČU 3,9226 MORAVSKE TOPLICE,46.68736,16.21683,Ulica ob igrišču,,3,,Moravske Toplice,,Moravske Toplice,9226,Moravske Toplice
TRG 58 A,2391 PREVALJE,46.54639,14.91692,Trg,,58,A,Prevalje,,Prevalje,2391,Prevalje
LJUBLJANSKA CESTA 1 A,1330 KOČEVJE,45.63986,14.85913,Ljubljanska cesta,,1,A,Kočevje,,Kočevje,1330,Kočevje
LITIJSKA CESTA 43,1000 LJUBLJANA,46.04812,14.54356,Litijska cesta,,43,,Ljubljana,,Ljubljana,1000,Ljubljana
KIDRIČEVA CESTA 38 A,4000 KRANJ,46.24863,14.35402,Kidričeva cesta,,38,A,Kranj,,Kranj,4000,Kranj
PREČNA ULICA 4,6230 POSTOJNA,45.77151,14.21020,Prečna ulica,,4,,Postojna,,Postojna,6230,Postojna
PARTIZANSKA POT 16,2380 SLOVENJ GRADEC,46.50693,15.08202,Partizanska pot,,16,,Slovenj Gradec,,Slovenj Gradec,2380,Slovenj Gradec
POLICE 96,9250 GORNJA RADGONA,46.66371,15.96145,Police,,96,,Police,,Gornja Radgona,9250,Gornja Radgona
PRI BRANČURNIKU 10,2391 PREVALJE,46.54492,14.93243,Pri Brančurniku,,10,,Prevalje,,Prevalje,2391,Prevalje
VODNIKOVA CESTA 1,3320 VELENJE,46.36151,15.11636,Vodnikova cesta,,1,,Velenje,,Velenje,3320,Velenje
CESTA 6. MAJA 11,1360 VRHNIKA,45.96278,14.29358,Cesta 6. maja,,11,,Vrhnika,,Vrhnika,1360,Vrhnika
NOVI TRG 43 A,1241 KAMNIK,46.21914,14.61117,Novi trg,,43,A,Kamnik,,Kamnik,1241,Kamnik
VRBANSKA CESTA 97,2351 KAMNICA,46.57321,15.61582,Vrbanska cesta,,97,,Kamnica,,Maribor,2351,Kamnica
PARTIZANSKA POT 16,2380 SLOVENJ GRADEC,46.50693,15.08202,Partizanska pot,,16,,Slovenj Gradec,,Slovenj Gradec,2380,Slovenj Gradec
ULICA GRADNIKOVE BRIGADE 7,5000 NOVA GORICA,45.95843,13.64623,Ulica Gradnikove brigade,,7,,Nova Gorica,,Nova Gorica,5000,Nova Gorica
BISTRIŠKA CESTA 62,2319 POLJČANE,46.31290,15.57823,Bistriška cesta,,62,,Poljčane,,Poljčane,2319,Poljčane
LINHARTOVA CESTA 5,1000 LJUBLJANA,46.06405,14.50981,Linhartova cesta,,5,,Ljubljana,,Ljubljana,1000,Ljubljana
PESNICA PRI MARIBORU 42 C,2211 PESNICA PRI MARIBORU,46.60846,15.67654,Pesnica pri Mariboru,,42,C,Pesnica pri Mariboru,,Pesnica,2211,Pesnica pri Mariboru
PODGORCI 48,2273 PODGORCI,46.42049,16.04944,Podgorci,,48,,Podgorci,,Ormož,2273,Podgorci
CESTA 6. MAJA 11,1360 VRHNIKA,45.96278,14.29358,Cesta 6. maja,,11,,Vrhnika,,Vrhnika,1360,Vrhnika
MARTINČEVA ULICA 30,1000 LJUBLJANA,46.07876,14.46871,Martinčeva ulica,,30,,Ljubljana,,Ljubljana,1000,Ljubljana
OBRTNIŠKA ULICA 30,6000 KOPER - CAPODISTRIA,45.53069,13.73563,Obrtniška ulica,Via degli Artigiani,30,,Koper,Capodistria,Koper,6000,Koper - Capodistria
TEKSTILNA ULICA 17,4000 KRANJ,46.24628,14.36588,Tekstilna ulica,,17,,Kranj,,Kranj,4000,Kranj
LENDAVSKA ULICA 18,9000 MURSKA SOBOTA,46.66410,16.16828,Lendavska ulica,,18,,Murska Sobota,,Murska Sobota,9000,Murska Sobota
JEZERO 1,1352 PRESERJE,45.97634,14.41959,Jezero,,1,,Jezero,,Brezovica,1352,Preserje
DELLAVALLEJEVA ULICA 3,6000 KOPER - CAPODISTRIA,45.54870,13.73094,Dellavallejeva ulica,Via Luciano Dellavalle,3,,Koper,Capodistria,Koper,6000,Koper - Capodistria
POD CVINGERJEM 33,8350 DOLENJSKE TOPLICE,45.75434,15.05436,Pod Cvingerjem,,33,,Dolenjske Toplice,,Dolenjske Toplice,8350,Dolenjske Toplice
PLETERŠNIKOVA ULICA 1,8250 BREŽICE,45.90908,15.59631,Pleteršnikova ulica,,1,,Brežice,,Brežice,8250,Brežice
PODLUBNIK 341,4220 ŠKOFJA LOKA,46.17432,14.29072,Podlubnik,,341,,Škofja Loka,,Škofja Loka,4220,Škofja Loka
CESTA OSVOBODILNE FRONTE 44,2000 MARIBOR,46.54946,15.66849,Cesta Osvobodilne fronte,,44,,Maribor,,Maribor,2000,Maribor
CANKARJEVA ULICA 23 A,2000 MARIBOR,46.56374,15.65253,Cankarjeva ulica,,23,A,Maribor,,Maribor,2000,Maribor
JAVORŠKOVA ULICA 9,1315 VELIKE LAŠČE,45.83502,14.63767,Javorškova ulica,,9,,Velike Lašče,,Velike Lašče,1315,Velike Lašče
CESTA KRŠKIH ŽRTEV 132 C,8270 KRŠKO,45.94307,15.48349,Cesta krških žrtev,,132,C,Krško,,Krško,8270,Krško
SPODNJI SLEMEN 11,2352 SELNICA OB DRAVI,46.56018,15.52055,Spodnji Slemen,,11,,Spodnji Slemen,,Selnica ob Dravi,2352,Selnica ob Dravi
TOMŠIČEVA ULICA 23,2000 MARIBOR,46.56585,15.65337,Tomšičeva ulica,,23,,Maribor,,Maribor,2000,Maribor
MALA VAS 56,5230 BOVEC,46.34016,13.55752,Mala vas,,56,,Bovec,,Bovec,5230,Bovec
CESTA KRŠKIH ŽRTEV 112,8270 KRŠKO,45.95115,15.48664,Cesta krških žrtev,,112,,Krško,,Krško,8270,Krško
JEZDARSKA ULICA 7,2000 MARIBOR,46.55122,15.64209,Jezdarska ulica,,7,,Maribor,,Maribor,2000,Maribor
ULICA IVANA PENGOVA 20,1230 DOMŽALE,46.14446,14.59689,Ulica Ivana Pengova,,20,,Domžale,,Domžale,1230,Domžale
GREGORČIČEVA ULICA 1,2230 LENART V SLOV. GORICAH,46.57373,15.83203,Gregorčičeva ulica,,1,,Lenart v Slov. goricah,,Lenart,2230,Lenart v Slov. goricah
LJUBLJANSKA CESTA 80,2310 SLOVENSKA BISTRICA,46.38414,15.56447,Ljubljanska cesta,,80,,Slovenska Bistrica,,Slovenska Bistrica,2310,Slovenska Bistrica
PETKOVŠKOVO NABREŽJE 57,1000 LJUBLJANA,46.05204,14.51312,Petkovškovo nabrežje,,57,,Ljubljana,,Ljubljana,1000,Ljubljana
DOLINSKA CESTA 17 C,6000 KOPER - CAPODISTRIA,45.52901,13.73041,Dolinska cesta,Strada della Valle,17,C,Koper,Capodistria,Koper,6000,Koper - Capodistria
CESTA V MESTNI LOG 55,1000 LJUBLJANA,46.03620,14.48957,Cesta v Mestni log,,55,,Ljubljana,,Ljubljana,1000,Ljubljana
RADVANJSKA CESTA 134,2000 MARIBOR,46.53554,15.62451,Radvanjska cesta,,134,,Maribor,,Maribor,2000,Maribor
ŠKOCJAN 67,8275 ŠKOCJAN,45.90725,15.28993,Škocjan,,67,,Škocjan,,Škocjan,8275,Škocjan
NA TRATAH 4,2250 PTUJ,46.41683,15.87719,Na tratah,,4,,Ptuj,,Ptuj,2250,Ptuj
ULICA PARIŠKE KOMUNE 42,2000 MARIBOR,46.54732,15.64697,Ulica Pariške komune,,42,,Maribor,,Maribor,2000,Maribor
CESTA 24. JUNIJA 31,1231 LJUBLJANA - ČRNUČE,46.09537,14.52704,Cesta 24. junija,,31,,Ljubljana,,Ljubljana,1231,Ljubljana - Črnuče
CESTA LJUBLJANSKE BRIGADE 23,1000 LJUBLJANA,46.08665,14.47871,Cesta Ljubljanske brigade,,23,,Ljubljana,,Ljubljana,1000,Ljubljana
KAJUHOVA ULICA 1 B,6310 IZOLA - ISOLA,45.53446,13.66402,Kajuhova ulica,Via Kajuh,1,B,Izola,Isola,Izola,6310,Izola - Isola
ULICA DUŠANA KVEDRA 27,3230 ŠENTJUR,46.21817,15.39597,Ulica Dušana Kvedra,,27,,Šentjur,,Šentjur,3230,Šentjur
ULICA OKTOBRSKE REVOLUCIJE 11,6310 IZOLA - ISOLA,45.53464,13.66078,Ulica oktobrske revolucije,Via Rivoluzione d'Ottobre,11,,Izola,Isola,Izola,6310,Izola - Isola
STARA CESTA 10,4220 ŠKOFJA LOKA,46.16618,14.31281,Stara cesta,,10,,Škofja Loka,,Škofja Loka,4220,Škofja Loka
PARTIZANSKA POT 8 A,1270 LITIJA,46.05389,14.83656,Partizanska pot,,8,A,Litija,,Litija,1270,Litija
MIRJE 2,1000 LJUBLJANA,46.04487,14.50172,Mirje,,2,,Ljubljana,,Ljubljana,1000,Ljubljana
PREŠERNOVA ULICA 6,3310 ŽALEC,46.25093,15.16216,Prešernova ulica,,6,,Žalec,,Žalec,3310,Žalec
BETNAVSKA CESTA 13,2000 MARIBOR,46.54967,15.64086,Betnavska cesta,,13,,Maribor,,Maribor,2000,Maribor
NOVI TRG 26,1241 KAMNIK,46.22139,14.61328,Novi trg,,26,,Kamnik,,Kamnik,1241,Kamnik
METELKOVA ULICA 15,1000 LJUBLJANA,46.05705,14.51547,Metelkova ulica,,15,,Ljubljana,,Ljubljana,1000,Ljubljana
KRANJSKA CESTA 27,4240 RADOVLJICA,46.34662,14.17529,Kranjska cesta,,27,,Radovljica,,Radovljica,4240,Radovljica
JELOVŠKOVA ULICA 7,1230 DOMŽALE,46.15214,14.59054,Jelovškova ulica,,7,,Spodnje Jarše,,Domžale,1230,Domžale
SPODNJE NEGONJE 16 C,3250 ROGAŠKA SLATINA,46.25074,15.62346,Spodnje Negonje,,16,C,Spodnje Negonje,,Rogaška Slatina,3250,Rogaška Slatina
OB SUHI 5,2390 RAVNE NA KOROŠKEM,46.54372,14.96774,Ob Suhi,,5,,Ravne na Koroškem,,Ravne na Koroškem,2390,Ravne na Koroškem
BLEJSKA CESTA 10,4290 TRŽIČ,46.36361,14.30654,Blejska cesta,,10,,Tržič,,Tržič,4290,Tržič
PANTE 11,4000 KRANJ,46.23346,14.34361,Pante,,11,,Kranj,,Kranj,4000,Kranj
CESTA SOLINARJEV 1,6320 PORTOROŽ - PORTOROSE,45.50452,13.60205,Cesta solinarjev,Strada dei Salinari,1,,Lucija,Lucia,Piran,6320,Portorož - Portorose
PERIČEVA ULICA 29,1000 LJUBLJANA,46.06668,14.51192,Peričeva ulica,,29,,Ljubljana,,Ljubljana,1000,Ljubljana
OBALA 114,6320 PORTOROŽ - PORTOROSE,45.50349,13.60337,Obala,Lungomare,114,,Lucija,Lucia,Piran,6320,Portorož - Portorose
GAČNIKOVA POT 3,2390 RAVNE NA KOROŠKEM,46.54417,14.96289,Gačnikova pot,,3,,Ravne na Koroškem,,Ravne na Koroškem,2390,Ravne na Koroškem
NAZORJEVA ULICA 14,3000 CELJE,46.23485,15.24024,Nazorjeva ulica,,14,,Celje,,Celje,3000,Celje
PILŠTANJ 20,3261 LESIČNO,46.10006,15.52495,Pilštanj,,20,,Pilštanj,,Kozje,3261,Lesično
BISTRICA OB SOTLI 61,3256 BISTRICA OB SOTLI,46.05571,15.66327,Bistrica ob Sotli,,61,,Bistrica ob Sotli,,Bistrica ob Sotli,3256,Bistrica ob Sotli
VIDEM 17,1262 DOL PRI LJUBLJANI,46.08670,14.63413,Videm,,17,,Videm,,Dol pri Ljubljani,1262,Dol pri Ljubljani
LASTINE 17,3250 ROGAŠKA SLATINA,46.22959,15.64148,Lastine,,17,,Rogaška Slatina,,Rogaška Slatina,3250,Rogaška Slatina
JURČIČEVA ULICA 32,8360 ŽUŽEMBERK,45.83205,14.93017,Jurčičeva ulica,,32,,Žužemberk,,Žužemberk,8360,Žužemberk
TRG MARŠALA TITA 7,5220 TOLMIN,46.18300,13.73269,Trg maršala Tita,,7,,Tolmin,,Tolmin,5220,Tolmin
OB ŽELEZNICI 26,3313 POLZELA,46.27866,15.07283,Ob železnici,,26,,Polzela,,Polzela,3313,Polzela
MALEČNIK 14,2229 MALEČNIK,46.55410,15.70257,Malečnik,,14,,Malečnik,,Maribor,2229,Malečnik
CESTA ZMAGE 1,1410 ZAGORJE OB SAVI,46.13384,14.99570,Cesta zmage,,1,,Zagorje ob Savi,,Zagorje ob Savi,1410,Zagorje ob Savi
VEZNA POT 1,2000 MARIBOR,46.57373,15.64297,Vezna pot,,1,,Ribniško selo,,Maribor,2000,Maribor
REDELONGHIJEVA ULICA 12,1000 LJUBLJANA,46.04099,14.48579,Redelonghijeva ulica,,12,,Ljubljana,,Ljubljana,1000,Ljubljana
DUNAJSKA CESTA 59,1000 LJUBLJANA,46.06581,14.50894,Dunajska cesta,,59,,Ljubljana,,Ljubljana,1000,Ljubljana
PLETERJE 24,8272 ZDOLE,45.97319,15.53447,Pleterje,,24,,Pleterje,,Krško,8272,Zdole
TRG ALFONZA ŠARHA 18,2310 SLOVENSKA BISTRICA,46.39443,15.57367,Trg Alfonza Šarha,,18,,Slovenska Bistrica,,Slovenska Bistrica,2310,Slovenska Bistrica
KOLODVORSKA CESTA 24,6257 PIVKA,45.68043,14.19460,Kolodvorska cesta,,24,,Pivka,,Pivka,6257,Pivka
NOVI DOM 11,1430 HRASTNIK,46.14030,15.08513,Novi dom,,11,,Hrastnik,,Hrastnik,1430,Hrastnik
CESTA LEONA DOBROTINŠKA 6 A,3230 ŠENTJUR,46.21416,15.39336,Cesta Leona Dobrotinška,,6,A,Šentjur,,Šentjur,3230,Šentjur
CANKARJEVA ULICA 6,6230 POSTOJNA,45.77464,14.21517,Cankarjeva ulica,,6,,Postojna,,Postojna,6230,Postojna
CESTA K DRAVI 8,2241 SPODNJI DUPLEK,46.50113,15.74875,Cesta k Dravi,,8,,Spodnji Duplek,,Duplek,2241,Spodnji Duplek
PARTIZANSKA ULICA 8 A,1370 LOGATEC,45.91832,14.22152,Partizanska ulica,,8,A,Logatec,,Logatec,1370,Logatec
DEKANI 191,6271 DEKANI,45.54809,13.81190,Dekani,,191,,Dekani,,Koper,6271,Dekani
NOVI TRG 26,1241 KAMNIK,46.22139,14.61328,Novi trg,,26,,Kamnik,,Kamnik,1241,Kamnik
DALMATINOVA ULICA 7,1000 LJUBLJANA,46.05425,14.50563,Dalmatinova ulica,,7,,Ljubljana,,Ljubljana,1000,Ljubljana
JEZERO 1,1352 PRESERJE,45.97634,14.41959,Jezero,,1,,Jezero,,Brezovica,1352,Preserje
JAMSKA CESTA 23,6230 POSTOJNA,45.77731,14.20921,Jamska cesta,,23,,Postojna,,Postojna,6230,Postojna
ČUČKOVA ULICA 17,1000 LJUBLJANA,46.03501,14.45303,Čučkova ulica,,17,,Ljubljana,,Ljubljana,1000,Ljubljana
KOLODVORSKA CESTA 24,6257 PIVKA,45.68043,14.19460,Kolodvorska cesta,,24,,Pivka,,Pivka,6257,Pivka
PREŠERNOVA CESTA 21 B,1230 DOMŽALE,46.14070,14.58948,Prešernova cesta,,21,B,Domžale,,Domžale,1230,Domžale
PUCONCI 251,9201 PUCONCI,46.69401,16.17399,Puconci,,251,,Puconci,,Puconci,9201,Puconci
VEGOVA ULICA 22,1251 MORAVČE,46.13743,14.74729,Vegova ulica,,22,,Moravče,,Moravče,1251,Moravče
ŽELEZNIKOVA ULICA 4,2000 MARIBOR,46.55037,15.66738,Železnikova ulica,,4,,Maribor,,Maribor,2000,Maribor
CELJSKA CESTA 10,3250 ROGAŠKA SLATINA,46.23916,15.63420,Celjska cesta,,10,,Rogaška Slatina,,Rogaška Slatina,3250,Rogaška Slatina
CESTA 25,8213 VELIKI GABER,45.94446,14.89143,Cesta,,25,,Cesta,,Trebnje,8213,Veliki Gaber
HAFNERJEVO NASELJE 24,4220 ŠKOFJA LOKA,46.16977,14.33432,Hafnerjevo naselje,,24,,Škofja Loka,,Škofja Loka,4220,Škofja Loka
DELAVSKA POT 4,8340 ČRNOMELJ,45.57549,15.18753,Delavska pot,,4,,Črnomelj,,Črnomelj,8340,Črnomelj
CANKARJEVA ULICA 6 D,2000 MARIBOR,46.56117,15.65419,Cankarjeva ulica,,6,D,Maribor,,Maribor,2000,Maribor
ULICA PRI VELIKIH VRATIH 18,6000 KOPER - CAPODISTRIA,45.54563,13.72888,Ulica Pri velikih vratih,Via Porta Maggiore,18,,Koper,Capodistria,Koper,6000,Koper - Capodistria
PARTIZANSKA CESTA 4,2390 RAVNE NA KOROŠKEM,46.54452,14.96530,Partizanska cesta,,4,,Ravne na Koroškem,,Ravne na Koroškem,2390,Ravne na Koroškem
GORICA PRI ŠMARTNEM 13,3201 ŠMARTNO V ROŽNI DOLINI,46.27219,15.23887,Gorica pri Šmartnem,,13,,Gorica pri Šmartnem,,Celje,3201,Šmartno v Rožni dolini
CESTA ZMAGE 1,1410 ZAGORJE OB SAVI,46.13384,14.99570,Cesta zmage,,1,,Zagorje ob Savi,,Zagorje ob Savi,1410,Zagorje ob Savi
RIMSKA CESTA 70,3311 ŠEMPETER V SAVINJSKI DOLINI,46.25651,15.12077,Rimska cesta,,70,,Šempeter v Savinj. dolini,,Žalec,3311,Šempeter v Savinjski dolini
SONČNI GRIČ 7,3320 VELENJE,46.35393,15.12586,Sončni grič,,7,,Velenje,,Velenje,3320,Velenje
CANKARJEVA ULICA 113,9000 MURSKA SOBOTA,46.65595,16.15589,Cankarjeva ulica,,113,,Murska Sobota,,Murska Sobota,9000,Murska Sobota
RIBNIŠKA ULICA 5,2000 MARIBOR,46.56844,15.64870,Ribniška ulica,,5,,Maribor,,Maribor,2000,Maribor
SLOVENSKI TRG 4,2352 SELNICA OB DRAVI,46.55150,15.49303,Slovenski trg,,4,,Selnica ob Dravi,,Selnica ob Dravi,2352,Selnica ob Dravi
TRG SVOBODE 9,8290 SEVNICA,46.00977,15.30294,Trg svobode,,9,,Sevnica,,Sevnica,8290,Sevnica
DUNAJSKA CESTA 22,1000 LJUBLJANA,46.06212,14.50930,Dunajska cesta,,22,,Ljubljana,,Ljubljana,1000,Ljubljana
SAVSKA CESTA 10,1000 LJUBLJANA,46.06433,14.52589,Savska cesta,,10,,Ljubljana,,Ljubljana,1000,Ljubljana
PREČNA ULICA 2,6230 POSTOJNA,45.77205,14.21042,Prečna ulica,,2,,Postojna,,Postojna,6230,Postojna
KOPITARJEV TRG 1,1217 VODICE,46.18729,14.49116,Kopitarjev trg,,1,,Vodice,,Vodice,1217,Vodice
KOPALIŠKA CESTA 7,4240 RADOVLJICA,46.34702,14.17201,Kopališka cesta,,7,,Radovljica,,Radovljica,4240,Radovljica
NOVI DOM 11,1430 HRASTNIK,46.14030,15.08513,Novi dom,,11,,Hrastnik,,Hrastnik,1430,Hrastnik
ROGOZNIŠKA CESTA 32,2250 PTUJ,46.42610,15.88611,Rogozniška cesta,,32,,Ptuj,,Ptuj,2250,Ptuj
CESTA NOTRANJSKEGA ODREDA 36,1386 STARI TRG PRI LOŽU,45.71325,14.47221,Cesta Notranjskega odreda,,36,,Stari trg pri Ložu,,Loška dolina,1386,Stari trg pri Ložu
ULICA KNEZA KOCLJA 11,2000 MARIBOR,46.55769,15.65032,Ulica kneza Koclja,,11,,Maribor,,Maribor,2000,Maribor
TBILISIJSKA ULICA 59,1000 LJUBLJANA,46.03762,14.47887,Tbilisijska ulica,,59,,Ljubljana,,Ljubljana,1000,Ljubljana
PREČNA ULICA 2,6230 POSTOJNA,45.77205,14.21042,Prečna ulica,,2,,Postojna,,Postojna,6230,Postojna
SMREČNIKOVO 20,2392 MEŽICA,46.52036,14.84696,Smrečnikovo,,20,,Mežica,,Mežica,2392,Mežica
SELIŠKA CESTA 3,4260 BLED,46.37275,14.10960,Seliška cesta,,3,,Bled,,Bled,4260,Bled
ROBOVA CESTA 6,1360 VRHNIKA,45.96751,14.29722,Robova cesta,,6,,Vrhnika,,Vrhnika,1360,Vrhnika
ŠIŠENSKA CESTA 44,1000 LJUBLJANA,46.07131,14.48026,Šišenska cesta,,44,,Ljubljana,,Ljubljana,1000,Ljubljana
CELJSKA CESTA 7,3250 ROGAŠKA SLATINA,46.23915,15.63321,Celjska cesta,,7,,Rogaška Slatina,,Rogaška Slatina,3250,Rogaška Slatina
GREGORČIČEVA CESTA 8,6250 ILIRSKA BISTRICA,45.56848,14.24324,Gregorčičeva cesta,,8,,Ilirska Bistrica,,Ilirska Bistrica,6250,Ilirska Bistrica
BISTRIŠKA CESTA 97,2319 POLJČANE,46.30821,15.57729,Bistriška cesta,,97,,Poljčane,,Poljčane,2319,Poljčane
PARTIZANSKA CESTA 17,2392 MEŽICA,46.51905,14.85387,Partizanska cesta,,17,,Mežica,,Mežica,2392,Mežica
EFENKOVA CESTA 61,3320 VELENJE,46.36240,15.12419,Efenkova cesta,,61,,Velenje,,Velenje,3320,Velenje
PERIČEVA ULICA 25,1000 LJUBLJANA,46.06616,14.51125,Peričeva ulica,,25,,Ljubljana,,Ljubljana,1000,Ljubljana
GLAVNI TRG 15,3313 POLZELA,46.27950,15.07495,Glavni trg,,15,,Polzela,,Polzela,3313,Polzela
REJČEVA ULICA 4,5000 NOVA GORICA,45.95794,13.64553,Rejčeva ulica,,4,,Nova Gorica,,Nova Gorica,5000,Nova Gorica
METELKOVA ULICA 15,1000 LJUBLJANA,46.05705,14.51547,Metelkova ulica,,15,,Ljubljana,,Ljubljana,1000,Ljubljana
KOPALIŠKA ULICA 29,2380 SLOVENJ GRADEC,46.50613,15.08509,Kopališka ulica,,29,,Slovenj Gradec,,Slovenj Gradec,2380,Slovenj Gradec
KOČEVSKA CESTA 25,1291 ŠKOFLJICA,45.98069,14.57676,Kočevska cesta,,25,,Škofljica,,Škofljica,1291,Škofljica
BEGUNJSKA CESTA 7,4248 LESCE,46.36184,14.16170,Begunjska cesta,,7,,Lesce,,Radovljica,4248,Lesce
JOBSTOVA CESTA 22,4226 ŽIRI,46.04573,14.10868,Jobstova cesta,,22,,Žiri,,Žiri,4226,Žiri
KOLODVORSKA CESTA 24,6257 PIVKA,45.68043,14.19460,Kolodvorska cesta,,24,,Pivka,,Pivka,6257,Pivka
TRATA 7,4224 GORENJA VAS,46.10233,14.14218,Trata,,7,,Gorenja vas,,Gorenja vas-Poljane,4224,Gorenja vas
VILHARJEV PODHOD 7,1000 LJUBLJANA,46.06035,14.51578,Vilharjev podhod,,7,,Ljubljana,,Ljubljana,1000,Ljubljana
DOBROVNIK 12 A,9223 DOBROVNIK - DOBRONAK,46.65094,16.35190,Dobrovnik,Dobronak,12,A,Dobrovnik,Dobronak,Dobrovnik,9223,Dobrovnik - Dobronak
POHORSKA ULICA 21 B,2000 MARIBOR,46.53831,15.60509,Pohorska ulica,,21,B,Maribor,,Maribor,2000,Maribor
PREŠERNOVA CESTA 9 A,3320 VELENJE,46.35935,15.10963,Prešernova cesta,,9,A,Velenje,,Velenje,3320,Velenje
FILIPIČEVA ULICA 1,1000 LJUBLJANA,46.04113,14.49404,Filipičeva ulica,,1,,Ljubljana,,Ljubljana,1000,Ljubljana
DUNAJSKA CESTA 22,1000 LJUBLJANA,46.06212,14.50930,Dunajska cesta,,22,,Ljubljana,,Ljubljana,1000,Ljubljana
DOBRIŠA VAS 81,3301 PETROVČE,46.24659,15.18210,Dobriša vas,,81,,Dobriša vas,,Žalec,3301,Petrovče
CESTA 6. MAJA 11,1360 VRHNIKA,45.96278,14.29358,Cesta 6. maja,,11,,Vrhnika,,Vrhnika,1360,Vrhnika
METELKOVA ULICA 15,1000 LJUBLJANA,46.05705,14.51547,Metelkova ulica,,15,,Ljubljana,,Ljubljana,1000,Ljubljana
NOVA POT 5,1351 BREZOVICA PRI LJUBLJANI,46.00970,14.41547,Nova pot,,5,,Vnanje Gorice,,Brezovica,1351,Brezovica pri Ljubljani
PARTIZANSKA POT 16,2380 SLOVENJ GRADEC,46.50693,15.08202,Partizanska pot,,16,,Slovenj Gradec,,Slovenj Gradec,2380,Slovenj Gradec
VIPAVSKA CESTA 4 A,5270 AJDOVŠČINA,45.88449,13.91053,Vipavska cesta,,4,A,Ajdovščina,,Ajdovščina,5270,Ajdovščina
NA TRATAH 4,2250 PTUJ,46.41683,15.87719,Na tratah,,4,,Ptuj,,Ptuj,2250,Ptuj
LAPORJE 30,1311 TURJAK,45.87088,14.61679,Laporje,,30,,Laporje,,Velike Lašče,1311,Turjak
CESTA PREKOMORSKIH BRIGAD 3,5290 ŠEMPETER PRI GORICI,45.93034,13.63913,Cesta Prekomorskih brigad,,3,,Šempeter pri Gorici,,Šempeter-Vrtojba,5290,Šempeter pri Gorici
SAVSKA CESTA 3,1000 LJUBLJANA,46.06440,14.52522,Savska cesta,,3,,Ljubljana,,Ljubljana,1000,Ljubljana
POTRČEVA CESTA 49,2250 PTUJ,46.42764,15.88104,Potrčeva cesta,,49,,Ptuj,,Ptuj,2250,Ptuj
TBILISIJSKA ULICA 89,1000 LJUBLJANA,46.03612,14.47919,Tbilisijska ulica,,89,,Ljubljana,,Ljubljana,1000,Ljubljana
MESTNI TRG 2,1230 DOMŽALE,46.13975,14.59617,Mestni trg,,2,,Domžale,,Domžale,1230,Domžale
TRG JOŽETA LAMPRETA 1,3325 ŠOŠTANJ,46.37648,15.04850,Trg Jožeta Lampreta,,1,,Šoštanj,,Šoštanj,3325,Šoštanj
PODREBER 12 C,1355 POLHOV GRADEC,46.06336,14.32001,Podreber,,12,C,Podreber,,Dobrova-Polhov Gradec,1355,Polhov Gradec
ZORANINA ULICA 3,1234 MENGEŠ,46.16207,14.57100,Zoranina ulica,,3,,Mengeš,,Mengeš,1234,Mengeš
PARMOVA ULICA 51,1000 LJUBLJANA,46.06408,14.50270,Parmova ulica,,51,,Ljubljana,,Ljubljana,1000,Ljubljana
KOGOVŠKOVA ULICA 1,1000 LJUBLJANA,46.07318,14.46775,Kogovškova ulica,,1,,Ljubljana,,Ljubljana,1000,Ljubljana
BEETHOVNOVA ULICA 6,1000 LJUBLJANA,46.05163,14.50200,Beethovnova ulica,,6,,Ljubljana,,Ljubljana,1000,Ljubljana
CESTA ZMAGE 1,1410 ZAGORJE OB SAVI,46.13384,14.99570,Cesta zmage,,1,,Zagorje ob Savi,,Zagorje ob Savi,1410,Zagorje ob Savi
ZALOŠKA CESTA 149,1000 LJUBLJANA,46.05654,14.55551,Zaloška cesta,,149,,Ljubljana,,Ljubljana,1000,Ljubljana
KOPITARJEV TRG 1,1217 VODICE,46.18729,14.49116,Kopitarjev trg,,1,,Vodice,,Vodice,1217,Vodice
GREGORČIČEV DREVORED 11,6230 POSTOJNA,45.77434,14.21615,Gregorčičev drevored,,11,,Postojna,,Postojna,6230,Postojna
SLOMŠKOVA ULICA 17,1000 LJUBLJANA,46.05559,14.51270,Slomškova ulica,,17,,Ljubljana,,Ljubljana,1000,Ljubljana
CESTA V MESTNI LOG 55,1000 LJUBLJANA,46.03620,14.48957,Cesta v Mestni log,,55,,Ljubljana,,Ljubljana,1000,Ljubljana
PARTIZANSKA POT 8 A,1270 LITIJA,46.05389,14.83656,Partizanska pot,,8,A,Litija,,Litija,1270,Litija
MAISTROVA ULICA 22,2230 LENART V SLOV. GORICAH,46.57734,15.82896,Maistrova ulica,,22,,Lenart v Slov. goricah,,Lenart,2230,Lenart v Slov. goricah
ŠENTRUPERT 124,8232 ŠENTRUPERT,45.97680,15.08850,Šentrupert,,124,,Šentrupert,,Šentrupert,8232,Šentrupert
VOLKMERJEVA CESTA 63,2250 PTUJ,46.43203,15.86728,Volkmerjeva cesta,,63,,Ptuj,,Ptuj,2250,Ptuj
GUBČEVA CESTA 9 A,8210 TREBNJE,45.90828,15.00976,Gubčeva cesta,,9,A,Trebnje,,Trebnje,8210,Trebnje
POLHOV GRADEC 13,1355 POLHOV GRADEC,46.06521,14.31457,Polhov Gradec,,13,,Polhov Gradec,,Dobrova-Polhov Gradec,1355,Polhov Gradec
SEČA 197 A,6320 PORTOROŽ - PORTOROSE,45.50205,13.60181,Seča,Sezza,197,A,Seča,Sezza,Piran,6320,Portorož - Portorose
ZASAVSKA CESTA 3,1270 LITIJA,46.05899,14.83352,Zasavska cesta,,3,,Litija,,Litija,1270,Litija
DOBROVELJSKA CESTA 1,3214 ZREČE,46.36625,15.39544,Dobroveljska cesta,,1,,Zreče,,Zreče,3214,Zreče
CESTA 6. MAJA 11,1360 VRHNIKA,45.96278,14.29358,Cesta 6. maja,,11,,Vrhnika,,Vrhnika,1360,Vrhnika
DOLINA 12,4248 LESCE,46.35462,14.15573,Dolina,,12,,Lesce,,Radovljica,4248,Lesce
BLEJSKA CESTA 10,4290 TRŽIČ,46.36361,14.30654,Blejska cesta,,10,,Tržič,,Tržič,4290,Tržič
CESTA NA POLJE 2,1358 LOG PRI BREZOVICI,46.00732,14.35305,Cesta na polje,,2,,Log pri Brezovici,,Log-Dragomer,1358,Log pri Brezovici
STORŽIŠKA ULICA 4,4000 KRANJ,46.21864,14.37676,Storžiška ulica,,4,,Kranj,,Kranj,4000,Kranj
POTRČEVA CESTA 33,2250 PTUJ,46.42660,15.87898,Potrčeva cesta,,33,,Ptuj,,Ptuj,2250,Ptuj
PLEŠIČEVA ULICA 15,1000 LJUBLJANA,46.08009,14.46711,Plešičeva ulica,,15,,Ljubljana,,Ljubljana,1000,Ljubljana
VODNIKOVA CESTA 1,3320 VELENJE,46.36151,15.11636,Vodnikova cesta,,1,,Velenje,,Velenje,3320,Velenje
BREG 6 A,2322 MAJŠPERK,46.33947,15.73623,Breg,,6,A,Breg,,Majšperk,2322,Majšperk
NOVA ULICA 5,2327 RAČE,46.45384,15.67405,Nova ulica,,5,,Rače,,Rače-Fram,2327,Rače
STANIČEV TRG 1,6000 KOPER - CAPODISTRIA,45.54603,13.72777,Staničev trg,Piazzetta Valentin Stanič,1,,Koper,Capodistria,Koper,6000,Koper - Capodistria
ROŠKA CESTA 18,1330 KOČEVJE,45.63938,14.86562,Roška cesta,,18,,Kočevje,,Kočevje,1330,Kočevje
ROŠKA CESTA 22,1330 KOČEVJE,45.64005,14.86716,Roška cesta,,22,,Kočevje,,Kočevje,1330,Kočevje
PUPINOVA ULICA 2,2000 MARIBOR,46.55272,15.64503,Pupinova ulica,,2,,Maribor,,Maribor,2000,Maribor
PARTIZANSKA POT 8 A,1270 LITIJA,46.05389,14.83656,Partizanska pot,,8,A,Litija,,Litija,1270,Litija
KAMNIŠKA CESTA 24,1235 RADOMLJE,46.16800,14.59490,Kamniška cesta,,24,,Preserje pri Radomljah,,Domžale,1235,Radomlje
MLINSKA ULICA 6 E,9220 LENDAVA - LENDVA,46.56214,16.45301,Mlinska ulica,Malom utca,6,E,Lendava,Lendva,Lendava,9220,Lendava - Lendva
PELECHOVA CESTA 18,1235 RADOMLJE,46.16801,14.59744,Pelechova cesta,,18,,Preserje pri Radomljah,,Domžale,1235,Radomlje
PARTIZANSKA CESTA 59,2000 MARIBOR,46.56358,15.65790,Partizanska cesta,,59,,Maribor,,Maribor,2000,Maribor
PREŠERNOVA ULICA 3 C,2380 SLOVENJ GRADEC,46.51484,15.08390,Prešernova ulica,,3,C,Slovenj Gradec,,Slovenj Gradec,2380,Slovenj Gradec
CESTA 9. AVGUSTA 8 B,1410 ZAGORJE OB SAVI,46.13429,14.99599,Cesta 9. avgusta,,8,B,Zagorje ob Savi,,Zagorje ob Savi,1410,Zagorje ob Savi
ŽELEZNIKOVA ULICA 4,2000 MARIBOR,46.55037,15.66738,Železnikova ulica,,4,,Maribor,,Maribor,2000,Maribor
DVOŘAKOVA ULICA 10,2000 MARIBOR,46.55362,15.64424,Dvořakova ulica,,10,,Maribor,,Maribor,2000,Maribor
CESTA ZMAGE 1,1410 ZAGORJE OB SAVI,46.13384,14.99570,Cesta zmage,,1,,Zagorje ob Savi,,Zagorje ob Savi,1410,Zagorje ob Savi
GOSPOSVETSKA ULICA 10 A,4000 KRANJ,46.24862,14.35322,Gosposvetska ulica,,10,A,Kranj,,Kranj,4000,Kranj
BETETTOVA ULICA 11,2000 MARIBOR,46.54059,15.63068,Betettova ulica,,11,,Maribor,,Maribor,2000,Maribor
LAVA 7,3000 CELJE,46.24025,15.25318,Lava,,7,,Celje,,Celje,3000,Celje
PLESE 2,9000 MURSKA SOBOTA,46.65833,16.17610,Plese,,2,,Murska Sobota,,Murska Sobota,9000,Murska Sobota
ILAUNIGOVA ULICA 15,2230 LENART V SLOV. GORICAH,46.57697,15.82809,Ilaunigova ulica,,15,,Lenart v Slov. goricah,,Lenart,2230,Lenart v Slov. goricah
SELO PRI ŽIROVNICI 8 A,4274 ŽIROVNICA,46.40034,14.14153,Selo pri Žirovnici,,8,A,Selo pri Žirovnici,,Žirovnica,4274,Žirovnica
ISTRSKA CESTA 89 B,6000 KOPER - CAPODISTRIA,45.54636,13.70418,Istrska cesta,Strada dell'Istria,89,B,Koper,Capodistria,Koper,6000,Koper - Capodistria
RACOVNIK 29,4228 ŽELEZNIKI,46.22219,14.15786,Racovnik,,29,,Železniki,,Železniki,4228,Železniki
VIDEM 37 A,1312 VIDEM - DOBREPOLJE,45.84819,14.69546,Videm,,37,A,Videm,,Dobrepolje,1312,Videm - Dobrepolje
PIPANOVA CESTA 43,4208 ŠENČUR,46.24860,14.41889,Pipanova cesta,,43,,Šenčur,,Šenčur,4208,Šenčur
PREŠERNOVA CESTA 53,6310 IZOLA - ISOLA,45.53019,13.65195,Prešernova cesta,Strada France Prešeren,53,,Izola,Isola,Izola,6310,Izola - Isola
PETROVČE 95,3301 PETROVČE,46.24465,15.18767,Petrovče,,95,,Petrovče,,Žalec,3301,Petrovče
TRG MARŠALA TITA 7,5220 TOLMIN,46.18300,13.73269,Trg maršala Tita,,7,,Tolmin,,Tolmin,5220,Tolmin
PARTIZANSKA POT 16,2380 SLOVENJ GRADEC,46.50693,15.08202,Partizanska pot,,16,,Slovenj Gradec,,Slovenj Gradec,2380,Slovenj Gradec
BOHORIČEVA ULICA 5,1000 LJUBLJANA,46.05543,14.52005,Bohoričeva ulica,,5,,Ljubljana,,Ljubljana,1000,Ljubljana
TRG SVOBODE 18 A,2390 RAVNE NA KOROŠKEM,46.54428,14.96559,Trg svobode,,18,A,Ravne na Koroškem,,Ravne na Koroškem,2390,Ravne na Koroškem
SAVINJSKA CESTA 6,3330 MOZIRJE,46.33885,14.95935,Savinjska cesta,,6,,Mozirje,,Mozirje,3330,Mozirje
TOPNIŠKA ULICA 4,1000 LJUBLJANA,46.06740,14.51179,Topniška ulica,,4,,Ljubljana,,Ljubljana,1000,Ljubljana
OB SUHODOLNICI 31,2380 SLOVENJ GRADEC,46.50331,15.07270,Ob Suhodolnici,,31,,Slovenj Gradec,,Slovenj Gradec,2380,Slovenj Gradec
NA TRATI 2,2000 MARIBOR,46.53586,15.68739,Na trati,,2,,Maribor,,Maribor,2000,Maribor
TRG 4. JULIJA 4,2370 DRAVOGRAD,46.58962,15.02470,Trg 4. julija,,4,,Dravograd,,Dravograd,2370,Dravograd
BIZELJSKA CESTA 104,8259 BIZELJSKO,46.02057,15.69163,Bizeljska cesta,,104,,Bizeljsko,,Brežice,8259,Bizeljsko
SREBRNIČEVA ULICA 31,5210 DESKLE,46.05307,13.61428,Srebrničeva ulica,,31,,Deskle,,Kanal,5210,Deskle
KRMELJ 53,8296 KRMELJ,45.98651,15.18517,Krmelj,,53,,Krmelj,,Sevnica,8296,Krmelj
OSOJNIKOVA CESTA 9,2250 PTUJ,46.42061,15.87558,Osojnikova cesta,,9,,Ptuj,,Ptuj,2250,Ptuj
TRSTENJAKOVA ULICA 34,9000 MURSKA SOBOTA,46.65416,16.16627,Trstenjakova ulica,,34,,Murska Sobota,,Murska Sobota,9000,Murska Sobota
TRG 32,2391 PREVALJE,46.54497,14.91429,Trg,,32,,Prevalje,,Prevalje,2391,Prevalje
ŠMARJEŠKA CESTA 4,8000 NOVO MESTO,45.81476,15.17800,Šmarješka cesta,,4,,Novo mesto,,Novo mesto,8000,Novo mesto
ŠKOCJAN 67,8275 ŠKOCJAN,45.90725,15.28993,Škocjan,,67,,Škocjan,,Škocjan,8275,Škocjan
TRG SVOBODE 14,8290 SEVNICA,46.01060,15.30248,Trg svobode,,14,,Sevnica,,Sevnica,8290,Sevnica
VODOVODNA CESTA 109,1000 LJUBLJANA,46.07871,14.50194,Vodovodna cesta,,109,,Ljubljana,,Ljubljana,1000,Ljubljana
MARIBORSKA CESTA 38,2370 DRAVOGRAD,46.59024,15.02867,Mariborska cesta,,38,,Dravograd,,Dravograd,2370,Dravograd
DIJAŠKA ULICA 12,5220 TOLMIN,46.18062,13.73435,Dijaška ulica,,12,,Tolmin,,Tolmin,5220,Tolmin
ZADOBROVA 49 B,3211 ŠKOFJA VAS,46.25981,15.29581,Zadobrova,,49,B,Zadobrova,,Celje,3211,Škofja vas
CESTA K DRAVI 8,2241 SPODNJI DUPLEK,46.50113,15.74875,Cesta k Dravi,,8,,Spodnji Duplek,,Duplek,2241,Spodnji Duplek
RETEČE 154,4220 ŠKOFJA LOKA,46.15978,14.36722,Reteče,,154,,Reteče,,Škofja Loka,4220,Škofja Loka
STADIONSKA ULICA 4,2342 RUŠE,46.54277,15.50623,Stadionska ulica,,4,,Ruše,,Ruše,2342,Ruše
KIDRIČEVA ULICA 53,3250 ROGAŠKA SLATINA,46.22564,15.64458,Kidričeva ulica,,53,,Rogaška Slatina,,Rogaška Slatina,3250,Rogaška Slatina
ULICA JULETA GABROVŠKA 19,4000 KRANJ,46.23974,14.36458,Ulica Juleta Gabrovška,,19,,Kranj,,Kranj,4000,Kranj
VRANSKO 130 D,3305 VRANSKO,46.24591,14.95101,Vransko,,130,D,Vransko,,Vransko,3305,Vransko
ZORANINA ULICA 3,1234 MENGEŠ,46.16207,14.57100,Zoranina ulica,,3,,Mengeš,,Mengeš,1234,Mengeš
ŽOLGARJEVA ULICA 14,2000 MARIBOR,46.54949,15.64170,Žolgarjeva ulica,,14,,Maribor,,Maribor,2000,Maribor
CESTA NA ŽAVCERJA 15,2354 BRESTERNICA,46.56716,15.57100,Cesta na Žavcerja,,15,,Jelovec,,Maribor,2354,Bresternica
ULICA TOLMINSKIH PUNTARJEV 4,5000 NOVA GORICA,45.95594,13.64904,Ulica tolminskih puntarjev,,4,,Nova Gorica,,Nova Gorica,5000,Nova Gorica
ULICA MAKSA HENIGMANA 57,8350 DOLENJSKE TOPLICE,45.75493,15.06221,Ulica Maksa Henigmana,,57,,Dolenjske Toplice,,Dolenjske Toplice,8350,Dolenjske Toplice
LAZE V TUHINJU 29,1219 LAZE V TUHINJU,46.21946,14.75656,Laze v Tuhinju,,29,,Laze v Tuhinju,,Kamnik,1219,Laze v Tuhinju
KETTEJEVA ULICA 14,2000 MARIBOR,46.54801,15.63859,Kettejeva ulica,,14,,Maribor,,Maribor,2000,Maribor
KOLODVORSKA ULICA 3,2331 PRAGERSKO,46.39521,15.66135,Kolodvorska ulica,,3,,Pragersko,,Slovenska Bistrica,2331,Pragersko
LANGUSOVA ULICA 8,2250 PTUJ,46.43101,15.88301,Langusova ulica,,8,,Ptuj,,Ptuj,2250,Ptuj
MLADINSKA ULICA 17,2367 VUZENICA,46.59873,15.16440,Mladinska ulica,,17,,Vuzenica,,Vuzenica,2367,Vuzenica
KANDIJSKA CESTA 4,8000 NOVO MESTO,45.80129,15.16270,Kandijska cesta,,4,,Novo mesto,,Novo mesto,8000,Novo mesto
CESTA ZMAGE 1,1410 ZAGORJE OB SAVI,46.13384,14.99570,Cesta zmage,,1,,Zagorje ob Savi,,Zagorje ob Savi,1410,Zagorje ob Savi
KALOHOVA ULICA 18,2000 MARIBOR,46.55507,15.61747,Kalohova ulica,,18,,Maribor,,Maribor,2000,Maribor
MUŠIČEVA ULICA 2,8000 NOVO MESTO,45.79951,15.17239,Mušičeva ulica,,2,,Novo mesto,,Novo mesto,8000,Novo mesto
POTRČEVA CESTA 17,2250 PTUJ,46.42485,15.87672,Potrčeva cesta,,17,,Ptuj,,Ptuj,2250,Ptuj
PREDILNIŠKA CESTA 6,4290 TRŽIČ,46.36187,14.30768,Predilniška cesta,,6,,Tržič,,Tržič,4290,Tržič
PODGORNIKOVA ULICA 1,1000 LJUBLJANA,46.07375,14.47954,Podgornikova ulica,,1,,Ljubljana,,Ljubljana,1000,Ljubljana
KANDIJSKA CESTA 62,8000 NOVO MESTO,45.79919,15.17787,Kandijska cesta,,62,,Novo mesto,,Novo mesto,8000,Novo mesto
ŠMARJETA 66,8220 ŠMARJEŠKE TOPLICE,45.88826,15.24703,Šmarjeta,,66,,Šmarjeta,,Šmarješke Toplice,8220,Šmarješke Toplice
MORAVCI V SLOV. GORICAH 34 B,9243 MALA NEDELJA,46.51465,16.05219,Moravci v Slov. goricah,,34,B,Moravci v Slov. goricah,,Ljutomer,9243,Mala Nedelja
LJUBLJANSKA CESTA 19,1330 KOČEVJE,45.64149,14.85688,Ljubljanska cesta,,19,,Kočevje,,Kočevje,1330,Kočevje
PREŠERNOVA ULICA 6,3310 ŽALEC,46.25093,15.16216,Prešernova ulica,,6,,Žalec,,Žalec,3310,Žalec
TRUBARJEVA CESTA 5,8310 ŠENTJERNEJ,45.84409,15.33708,Trubarjeva cesta,,5,,Šentjernej,,Šentjernej,8310,Šentjernej
TOMŠIČEVA ULICA 6,2000 MARIBOR,46.56540,15.65090,Tomšičeva ulica,,6,,Maribor,,Maribor,2000,Maribor
ULICA STANKA ŠKALERJA 29,8250 BREŽICE,45.90939,15.59756,Ulica Stanka Škalerja,,29,,Brežice,,Brežice,8250,Brežice
PODPEŠKA CESTA 380,1357 NOTRANJE GORICE,45.98948,14.40273,Podpeška cesta,,380,,Notranje Gorice,,Brezovica,1357,Notranje Gorice
CESTA NA MARKOVEC 1,6000 KOPER - CAPODISTRIA,45.53529,13.72805,Cesta na Markovec,Strada di Monte Marco,1,,Koper,Capodistria,Koper,6000,Koper - Capodistria
TRNOVSKA VAS 42 A,2254 TRNOVSKA VAS,46.51993,15.88594,Trnovska vas,,42,A,Trnovska vas,,Trnovska vas,2254,Trnovska vas
CVETKOVA ULICA 10,9000 MURSKA SOBOTA,46.66089,16.16751,Cvetkova ulica,,10,,Murska Sobota,,Murska Sobota,9000,Murska Sobota
PRVOMAJSKA ULICA 25,2000 MARIBOR,46.53329,15.66758,Prvomajska ulica,,25,,Maribor,,Maribor,2000,Maribor
VILHARJEVA CESTA 27,1000 LJUBLJANA,46.06020,14.51545,Vilharjeva cesta,,27,,Ljubljana,,Ljubljana,1000,Ljubljana
CANKARJEVA ULICA 3 A,8270 KRŠKO,45.95739,15.49688,Cankarjeva ulica,,3,A,Krško,,Krško,8270,Krško
CESTA NA DOBROVO 114,3000 CELJE,46.25016,15.26509,Cesta na Dobrovo,,114,,Celje,,Celje,3000,Celje
KEKČEVA ULICA 3,1330 KOČEVJE,45.64144,14.85424,Kekčeva ulica,,3,,Kočevje,,Kočevje,1330,Kočevje
KEKČEVA ULICA 3,1330 KOČEVJE,45.64144,14.85424,Kekčeva ulica,,3,,Kočevje,,Kočevje,1330,Kočevje
POD HRUŠEVCO 33,1360 VRHNIKA,45.97336,14.29506,Pod Hruševco,,33,,Vrhnika,,Vrhnika,1360,Vrhnika
PRVOMAJSKA CESTA 5,8310 ŠENTJERNEJ,45.84414,15.33949,Prvomajska cesta,,5,,Šentjernej,,Šentjernej,8310,Šentjernej
JENKOVA ULICA 20,3000 CELJE,46.23594,15.26216,Jenkova ulica,,20,,Celje,,Celje,3000,Celje
KRIŽEVCI PRI LJUTOMERU 34 A,9242 KRIŽEVCI PRI LJUTOMERU,46.56666,16.13705,Križevci pri Ljutomeru,,34,A,Križevci pri Ljutomeru,,Križevci,9242,Križevci pri Ljutomeru
DELAVSKA POT 4,8340 ČRNOMELJ,45.57549,15.18753,Delavska pot,,4,,Črnomelj,,Črnomelj,8340,Črnomelj
POD HRIBOM 12,2212 ŠENTILJ V SLOV. GORICAH,46.67974,15.65495,Pod hribom,,12,,Šentilj v Slov. goricah,,Šentilj,2212,Šentilj v Slov. goricah
ULICA BRATOV KOMEL 25,1210 LJUBLJANA - ŠENTVID,46.09548,14.47256,Ulica bratov Komel,,25,,Ljubljana,,Ljubljana,1210,Ljubljana - Šentvid
ULICA 15.MAJA 19,6000 KOPER - CAPODISTRIA,45.53713,13.72967,Ulica 15.maja,Via XV maggio,19,,Koper,Capodistria,Koper,6000,Koper - Capodistria
MLADINSKA CESTA 1,4260 BLED,46.37140,14.10909,Mladinska cesta,,1,,Bled,,Bled,4260,Bled
CESTA MARŠALA TITA 78,4270 JESENICE,46.44000,14.04461,Cesta maršala Tita,,78,,Jesenice,,Jesenice,4270,Jesenice
GOSPOSVETSKA ULICA 10,4000 KRANJ,46.24890,14.35325,Gosposvetska ulica,,10,,Kranj,,Kranj,4000,Kranj
KOPALIŠKA CESTA 7,4240 RADOVLJICA,46.34702,14.17201,Kopališka cesta,,7,,Radovljica,,Radovljica,4240,Radovljica
BLEJSKA CESTA 10,4290 TRŽIČ,46.36361,14.30654,Blejska cesta,,10,,Tržič,,Tržič,4290,Tržič
STARA CESTA 10,4220 ŠKOFJA LOKA,46.16618,14.31281,Stara cesta,,10,,Škofja Loka,,Škofja Loka,4220,Škofja Loka
PARTIZANSKA POT 16,2380 SLOVENJ GRADEC,46.50693,15.08202,Partizanska pot,,16,,Slovenj Gradec,,Slovenj Gradec,2380,Slovenj Gradec
DOLENJA BREZOVICA 11,1352 PRESERJE,45.94773,14.42655,Dolenja Brezovica,,11,,Dolenja Brezovica,,Brezovica,1352,Preserje
ULICA OTONA ŽUPANČIČA 3,8340 ČRNOMELJ,45.57421,15.19108,Ulica Otona Župančiča,,3,,Črnomelj,,Črnomelj,8340,Črnomelj
PARTIZANSKA POT 16,2380 SLOVENJ GRADEC,46.50693,15.08202,Partizanska pot,,16,,Slovenj Gradec,,Slovenj Gradec,2380,Slovenj Gradec
CESTA MARŠALA TITA 78,4270 JESENICE,46.44000,14.04461,Cesta maršala Tita,,78,,Jesenice,,Jesenice,4270,Jesenice
BORŠTNIKOVA ULICA 79,2000 MARIBOR,46.53511,15.62851,Borštnikova ulica,,79,,Maribor,,Maribor,2000,Maribor
CESTA V MESTNI LOG 55,1000 LJUBLJANA,46.03620,14.48957,Cesta v Mestni log,,55,,Ljubljana,,Ljubljana,1000,Ljubljana
NA SOSESKI 14,2000 MARIBOR,46.53872,15.63408,Na soseski,,14,,Maribor,,Maribor,2000,Maribor
KALOHOVA ULICA 18,2000 MARIBOR,46.55507,15.61747,Kalohova ulica,,18,,Maribor,,Maribor,2000,Maribor
HRENOVA ULICA 6,2000 MARIBOR,46.55432,15.62367,Hrenova ulica,,6,,Maribor,,Maribor,2000,Maribor
POBREŠKA CESTA 6,2000 MARIBOR,46.55441,15.64665,Pobreška cesta,,6,,Maribor,,Maribor,2000,Maribor
RADGONSKA CESTA 2,9252 RADENCI,46.64125,16.04391,Radgonska cesta,,2,,Radenci,,Radenci,9252,Radenci
LEVSTIKOVA ULICA 2,6210 SEŽANA,45.70870,13.87106,Levstikova ulica,,2,,Sežana,,Sežana,6210,Sežana
CESTA V MESTNI LOG 55,1000 LJUBLJANA,46.03620,14.48957,Cesta v Mestni log,,55,,Ljubljana,,Ljubljana,1000,Ljubljana
KORENSKA CESTA 31,2241 SPODNJI DUPLEK,46.50402,15.75597,Korenska cesta,,31,,Spodnji Duplek,,Duplek,2241,Spodnji Duplek
CANKOVA 65 B,9261 CANKOVA,46.71858,16.01850,Cankova,,65,B,Cankova,,Cankova,9261,Cankova
DUNAJSKA CESTA 129,1000 LJUBLJANA,46.07794,14.51189,Dunajska cesta,,129,,Ljubljana,,Ljubljana,1000,Ljubljana
NOVI TRG 26 A,1241 KAMNIK,46.22082,14.61321,Novi trg,,26,A,Kamnik,,Kamnik,1241,Kamnik
ZRKOVSKA CESTA 67,2000 MARIBOR,46.55598,15.67174,Zrkovska cesta,,67,,Maribor,,Maribor,2000,Maribor
LJUBLJANSKA ULICA 9,2000 MARIBOR,46.55337,15.64665,Ljubljanska ulica,,9,,Maribor,,Maribor,2000,Maribor
ULICA BRATOV VOŠNJAKOV 12,3000 CELJE,46.24598,15.26429,Ulica bratov Vošnjakov,,12,,Celje,,Celje,3000,Celje
ŠTEFAN PRI TREBNJEM 40,8210 TREBNJE,45.90867,14.98839,Štefan pri Trebnjem,,40,,Štefan pri Trebnjem,,Trebnje,8210,Trebnje
CESTA PREKOMORSKIH BRIGAD 25,5290 ŠEMPETER PRI GORICI,45.93053,13.63792,Cesta Prekomorskih brigad,,25,,Šempeter pri Gorici,,Šempeter-Vrtojba,5290,Šempeter pri Gorici
PETKOVA ULICA 16,1231 LJUBLJANA - ČRNUČE,46.09907,14.52792,Petkova ulica,,16,,Ljubljana,,Ljubljana,1231,Ljubljana - Črnuče
ZASAVSKA CESTA 95,1231 LJUBLJANA - ČRNUČE,46.09189,14.57495,Zasavska cesta,,95,,Ljubljana,,Ljubljana,1231,Ljubljana - Črnuče
DOLSKO 55,1262 DOL PRI LJUBLJANI,46.09385,14.67776,Dolsko,,55,,Dolsko,,Dol pri Ljubljani,1262,Dol pri Ljubljani
NOVI DOM 11,1430 HRASTNIK,46.14030,15.08513,Novi dom,,11,,Hrastnik,,Hrastnik,1430,Hrastnik
KAJUHOVA ULICA 34,6310 IZOLA - ISOLA,45.53002,13.66787,Kajuhova ulica,Via Kajuh,34,,Izola,Isola,Izola,6310,Izola - Isola
KAMNIŠKA CESTA 24,1235 RADOMLJE,46.16800,14.59490,Kamniška cesta,,24,,Preserje pri Radomljah,,Domžale,1235,Radomlje
CELJSKA CESTA 24 B,3212 VOJNIK,46.29098,15.30088,Celjska cesta,,24,B,Vojnik,,Vojnik,3212,Vojnik
LACKOVA CESTA 269,2341 LIMBUŠ,46.55387,15.58161,Lackova cesta,,269,,Limbuš,,Maribor,2341,Limbuš
LJUBLJANSKA ULICA 5,2000 MARIBOR,46.55289,15.64858,Ljubljanska ulica,,5,,Maribor,,Maribor,2000,Maribor
DRAGA 1,1292 IG,45.94726,14.54796,Draga,,1,,Draga,,Ig,1292,Ig
GORIŠNICA 65,2272 GORIŠNICA,46.41047,16.01167,Gorišnica,,65,,Gorišnica,,Gorišnica,2272,Gorišnica
PREŠERNOVA CESTA 52,4260 BLED,46.37308,14.10420,Prešernova cesta,,52,,Bled,,Bled,4260,Bled
OPEKARSKA CESTA 11,1000 LJUBLJANA,46.03951,14.50753,Opekarska cesta,,11,,Ljubljana,,Ljubljana,1000,Ljubljana
SNEBERSKA CESTA 128 B,1260 LJUBLJANA - POLJE,46.07327,14.58924,Sneberska cesta,,128,B,Ljubljana,,Ljubljana,1260,Ljubljana - Polje
SAVSKA CESTA 10,1000 LJUBLJANA,46.06433,14.52589,Savska cesta,,10,,Ljubljana,,Ljubljana,1000,Ljubljana
VODNIKOVA CESTA 1,3320 VELENJE,46.36151,15.11636,Vodnikova cesta,,1,,Velenje,,Velenje,3320,Velenje
TURKOVA ULICA 8,8000 NOVO MESTO,45.83041,15.15729,Turkova ulica,,8,,Novo mesto,,Novo mesto,8000,Novo mesto
ULICA POHORSKEGA BATALJONA 11,2317 OPLOTNICA,46.38817,15.44733,Ulica Pohorskega bataljona,,11,,Oplotnica,,Oplotnica,2317,Oplotnica
CVETKOVA ULICA 10,9000 MURSKA SOBOTA,46.66089,16.16751,Cvetkova ulica,,10,,Murska Sobota,,Murska Sobota,9000,Murska Sobota
RETEČE 205,4220 ŠKOFJA LOKA,46.15779,14.37091,Reteče,,205,,Reteče,,Škofja Loka,4220,Škofja Loka
HRUŠEVSKA CESTA 6 A,1000 LJUBLJANA,46.04676,14.54206,Hruševska cesta,,6,A,Ljubljana,,Ljubljana,1000,Ljubljana
MESTNI TRG 17,3210 SLOVENSKE KONJICE,46.33998,15.42862,Mestni trg,,17,,Slovenske Konjice,,Slovenske Konjice,3210,Slovenske Konjice
ULICA STANETA ROZMANA 11 A,9000 MURSKA SOBOTA,46.66162,16.16734,Ulica Staneta Rozmana,,11,A,Murska Sobota,,Murska Sobota,9000,Murska Sobota
KOCLJEVO NASELJE 9,9231 BELTINCI,46.60880,16.23201,Kocljevo naselje,,9,,Beltinci,,Beltinci,9231,Beltinci
ZASAVSKA CESTA 58 D,4000 KRANJ,46.21782,14.36865,Zasavska cesta,,58,D,Kranj,,Kranj,4000,Kranj
VODOVODNA CESTA 109,1000 LJUBLJANA,46.07871,14.50194,Vodovodna cesta,,109,,Ljubljana,,Ljubljana,1000,Ljubljana
METELKOVA ULICA 15,1000 LJUBLJANA,46.05705,14.51547,Metelkova ulica,,15,,Ljubljana,,Ljubljana,1000,Ljubljana
TRATA 7 A,4224 GORENJA VAS,46.10238,14.14240,Trata,,7,A,Gorenja vas,,Gorenja vas-Poljane,4224,Gorenja vas
PREŠERNOVA ULICA 6,3310 ŽALEC,46.25093,15.16216,Prešernova ulica,,6,,Žalec,,Žalec,3310,Žalec
PREŠERNOVA ULICA 6,4240 RADOVLJICA,46.34494,14.17058,Prešernova ulica,,6,,Radovljica,,Radovljica,4240,Radovljica
VODNIKOVA CESTA 1,3320 VELENJE,46.36151,15.11636,Vodnikova cesta,,1,,Velenje,,Velenje,3320,Velenje
VODNIKOVA CESTA 187,1000 LJUBLJANA,46.07405,14.47528,Vodnikova cesta,,187,,Ljubljana,,Ljubljana,1000,Ljubljana
DOLSKO 55,1262 DOL PRI LJUBLJANI,46.09385,14.67776,Dolsko,,55,,Dolsko,,Dol pri Ljubljani,1262,Dol pri Ljubljani
MALA VAS 32 B,2272 GORIŠNICA,46.39088,16.00524,Mala vas,,32,B,Mala vas,,Gorišnica,2272,Gorišnica
TRIMLINI 56 A,9220 LENDAVA - LENDVA,46.54414,16.46532,Trimlini,Hármasmalom,56,A,Trimlini,Hármasmalom,Lendava,9220,Lendava - Lendva
ZADRUŽNA CESTA 33,8340 ČRNOMELJ,45.57914,15.19513,Zadružna cesta,,33,,Črnomelj,,Črnomelj,8340,Črnomelj
CESTA SOLINARJEV 1,6320 PORTOROŽ - PORTOROSE,45.50452,13.60205,Cesta solinarjev,Strada dei Salinari,1,,Lucija,Lucia,Piran,6320,Portorož - Portorose
KOVAŠKA CESTA 25 B,3214 ZREČE,46.37116,15.39114,Kovaška cesta,,25,B,Zreče,,Zreče,3214,Zreče
GRAŠČINSKA CESTA 11,3312 PREBOLD,46.23604,15.09094,Graščinska cesta,,11,,Prebold,,Prebold,3312,Prebold
VALVASORJEVA ULICA 38,2000 MARIBOR,46.55444,15.63680,Valvasorjeva ulica,,38,,Maribor,,Maribor,2000,Maribor
GREGORČIČEVA ULICA 10,4000 KRANJ,46.24313,14.35717,Gregorčičeva ulica,,10,,Kranj,,Kranj,4000,Kranj
MAJNIKOVA ULICA 1,1310 RIBNICA,45.74238,14.72596,Majnikova ulica,,1,,Ribnica,,Ribnica,1310,Ribnica
MAJNIKOVA ULICA 1,1310 RIBNICA,45.74238,14.72596,Majnikova ulica,,1,,Ribnica,,Ribnica,1310,Ribnica
CESTA K DRAVI 8,2241 SPODNJI DUPLEK,46.50113,15.74875,Cesta k Dravi,,8,,Spodnji Duplek,,Duplek,2241,Spodnji Duplek
PREŠERNOVA ULICA 6,3310 ŽALEC,46.25093,15.16216,Prešernova ulica,,6,,Žalec,,Žalec,3310,Žalec
TRNOVSKA VAS 42 A,2254 TRNOVSKA VAS,46.51993,15.88594,Trnovska vas,,42,A,Trnovska vas,,Trnovska vas,2254,Trnovska vas
LJUBLJANSKA CESTA 16,8311 KOSTANJEVICA NA KRKI,45.84460,15.41834,Ljubljanska cesta,,16,,Kostanjevica na Krki,,Kostanjevica na Krki,8311,Kostanjevica na Krki
KOPITARJEVA ULICA 4,1000 LJUBLJANA,46.05131,14.51092,Kopitarjeva ulica,,4,,Ljubljana,,Ljubljana,1000,Ljubljana
CELJSKA CESTA 16,3240 ŠMARJE PRI JELŠAH,46.22926,15.51610,Celjska cesta,,16,,Šmarje pri Jelšah,,Šmarje pri Jelšah,3240,Šmarje pri Jelšah
ULICA DUŠANA KVEDRA 27,3230 ŠENTJUR,46.21817,15.39597,Ulica Dušana Kvedra,,27,,Šentjur,,Šentjur,3230,Šentjur
CESTA 24. JUNIJA 23,1231 LJUBLJANA - ČRNUČE,46.09681,14.52692,Cesta 24. junija,,23,,Ljubljana,,Ljubljana,1231,Ljubljana - Črnuče
GORENJSKA ULICA 37,4260 BLED,46.34715,14.12389,Gorenjska ulica,,37,,Ribno,,Bled,4260,Bled
SLOVENSKOGORIŠKA CESTA 39,2250 PTUJ,46.43302,15.88830,Slovenskogoriška cesta,,39,,Ptuj,,Ptuj,2250,Ptuj
VURNIKOVA ULICA 9,1000 LJUBLJANA,46.06262,14.51543,Vurnikova ulica,,9,,Ljubljana,,Ljubljana,1000,Ljubljana
ULICA LOJZETA SPACALA 10,1000 LJUBLJANA,46.06747,14.47210,Ulica Lojzeta Spacala,,10,,Ljubljana,,Ljubljana,1000,Ljubljana
BRASLOVČE 27,3314 BRASLOVČE,46.28760,15.03997,Braslovče,,27,,Braslovče,,Braslovče,3314,Braslovče
GUBČEVA ULICA 10,3000 CELJE,46.22956,15.26637,Gubčeva ulica,,10,,Celje,,Celje,3000,Celje
CESTA XIV. DIVIZIJE 30,2000 MARIBOR,46.55159,15.66267,Cesta XIV. divizije,,30,,Maribor,,Maribor,2000,Maribor
FAZAN 1,6320 PORTOROŽ - PORTOROSE,45.50642,13.60720,Fazan,Fasano,1,,Lucija,Lucia,Piran,6320,Portorož - Portorose
TRG SVOBODE 14,8290 SEVNICA,46.01060,15.30248,Trg svobode,,14,,Sevnica,,Sevnica,8290,Sevnica
OBLAKOVA ULICA 4,2000 MARIBOR,46.54231,15.63117,Oblakova ulica,,4,,Maribor,,Maribor,2000,Maribor
POT NA POLŠCO 21,8270 KRŠKO,45.96386,15.49039,Pot na Polšco,,21,,Krško,,Krško,8270,Krško
STADIONSKA ULICA 4,2342 RUŠE,46.54277,15.50623,Stadionska ulica,,4,,Ruše,,Ruše,2342,Ruše
TROJANSKA CESTA 13,1225 LUKOVICA,46.17023,14.69393,Trojanska cesta,,13,,Lukovica pri Domžalah,,Lukovica,1225,Lukovica
SLADKI VRH 5,2214 SLADKI VRH,46.69756,15.73680,Sladki Vrh,,5,,Sladki Vrh,,Šentilj,2214,Sladki Vrh
ČERNELČEVA CESTA 15,8250 BREŽICE,45.90849,15.59354,Černelčeva cesta,,15,,Brežice,,Brežice,8250,Brežice
OBLAKOVA ULICA 5,3000 CELJE,46.23463,15.26257,Oblakova ulica,,5,,Celje,,Celje,3000,Celje
ULICA PADLIH BORCEV 13 A,5290 ŠEMPETER PRI GORICI,45.93020,13.64083,Ulica padlih borcev,,13,A,Šempeter pri Gorici,,Šempeter-Vrtojba,5290,Šempeter pri Gorici
POTRČEVA CESTA 23,2250 PTUJ,46.42609,15.87709,Potrčeva cesta,,23,,Ptuj,,Ptuj,2250,Ptuj
POLJE 40,6310 IZOLA - ISOLA,45.54442,13.68709,Polje,Polje,40,,Izola,Isola,Izola,6310,Izola - Isola
CESTA MARŠALA TITA 112,4270 JESENICE,46.44300,14.03697,Cesta maršala Tita,,112,,Jesenice,,Jesenice,4270,Jesenice
ULICA DR. VRBNJAKA 6,9000 MURSKA SOBOTA,46.65013,16.18727,Ulica dr. Vrbnjaka,,6,,Rakičan,,Murska Sobota,9000,Murska Sobota
ŠMIHELSKA CESTA 1,8000 NOVO MESTO,45.79995,15.16385,Šmihelska cesta,,1,,Novo mesto,,Novo mesto,8000,Novo mesto
GOSPOSVETSKA CESTA 1,2380 SLOVENJ GRADEC,46.50766,15.08173,Gosposvetska cesta,,1,,Slovenj Gradec,,Slovenj Gradec,2380,Slovenj Gradec
RUDARSKA CESTA 9,1420 TRBOVLJE,46.15398,15.04710,Rudarska cesta,,9,,Trbovlje,,Trbovlje,1420,Trbovlje
KOPALIŠKA CESTA 7,4240 RADOVLJICA,46.34702,14.17201,Kopališka cesta,,7,,Radovljica,,Radovljica,4240,Radovljica
DROŽANJSKA CESTA 90,8290 SEVNICA,46.01346,15.31147,Drožanjska cesta,,90,,Sevnica,,Sevnica,8290,Sevnica
BANIJA 4,1292 IG,45.95897,14.52720,Banija,,4,,Ig,,Ig,1292,Ig
STADIONSKA ULICA 4,2342 RUŠE,46.54277,15.50623,Stadionska ulica,,4,,Ruše,,Ruše,2342,Ruše
NA JASI 6,1241 KAMNIK,46.20853,14.61180,Na jasi,,6,,Kamnik,,Kamnik,1241,Kamnik
ZDRAVSTVENA POT 1,1000 LJUBLJANA,46.04729,14.51594,Zdravstvena pot,,1,,Ljubljana,,Ljubljana,1000,Ljubljana
LJUBLJANSKA CESTA 104,1230 DOMŽALE,46.14268,14.59561,Ljubljanska cesta,,104,,Domžale,,Domžale,1230,Domžale
TRG SVOBODE 9,4226 ŽIRI,46.04754,14.11159,Trg svobode,,9,,Žiri,,Žiri,4226,Žiri
ŠMIHELSKA CESTA 7,3330 MOZIRJE,46.34067,14.96434,Šmihelska cesta,,7,,Mozirje,,Mozirje,3330,Mozirje
ULICA BORISA WINTERJA 10,2310 SLOVENSKA BISTRICA,46.38857,15.57340,Ulica Borisa Winterja,,10,,Slovenska Bistrica,,Slovenska Bistrica,2310,Slovenska Bistrica
PESNICA PRI MARIBORU 42 C,2211 PESNICA PRI MARIBORU,46.60846,15.67654,Pesnica pri Mariboru,,42,C,Pesnica pri Mariboru,,Pesnica,2211,Pesnica pri Mariboru
ALJAŽEVA ULICA 30,1000 LJUBLJANA,46.06839,14.49548,Aljaževa ulica,,30,,Ljubljana,,Ljubljana,1000,Ljubljana
ROŠKA CESTA 18,1330 KOČEVJE,45.63938,14.86562,Roška cesta,,18,,Kočevje,,Kočevje,1330,Kočevje
CESTA MARŠALA TITA 78,4270 JESENICE,46.44000,14.04461,Cesta maršala Tita,,78,,Jesenice,,Jesenice,4270,Jesenice
MESTNI TRG 2,1230 DOMŽALE,46.13975,14.59617,Mestni trg,,2,,Domžale,,Domžale,1230,Domžale
LJUBLJANSKA CESTA 14,3000 CELJE,46.23244,15.25968,Ljubljanska cesta,,14,,Celje,,Celje,3000,Celje
ZORANINA ULICA 3,1234 MENGEŠ,46.16207,14.57100,Zoranina ulica,,3,,Mengeš,,Mengeš,1234,Mengeš
TEHNOLOŠKI PARK 20,1000 LJUBLJANA,46.05045,14.46030,Tehnološki park,,20,,Ljubljana,,Ljubljana,1000,Ljubljana
LAVRIČEVA ULICA 1,2000 MARIBOR,46.55817,15.63600,Lavričeva ulica,,1,,Maribor,,Maribor,2000,Maribor
NA KLANCU 22,1360 VRHNIKA,45.96633,14.29340,Na klancu,,22,,Vrhnika,,Vrhnika,1360,Vrhnika
ULICA GRADNIKOVE BRIGADE 7,5000 NOVA GORICA,45.95843,13.64623,Ulica Gradnikove brigade,,7,,Nova Gorica,,Nova Gorica,5000,Nova Gorica
CELOVŠKA CESTA 4,1000 LJUBLJANA,46.05730,14.50122,Celovška cesta,,4,,Ljubljana,,Ljubljana,1000,Ljubljana
CELOVŠKA CESTA 4,1000 LJUBLJANA,46.05730,14.50122,Celovška cesta,,4,,Ljubljana,,Ljubljana,1000,Ljubljana
CELOVŠKA CESTA 4,1000 LJUBLJANA,46.05730,14.50122,Celovška cesta,,4,,Ljubljana,,Ljubljana,1000,Ljubljana
CELOVŠKA CESTA 4,1000 LJUBLJANA,46.05730,14.50122,Celovška cesta,,4,,Ljubljana,,Ljubljana,1000,Ljubljana
GLAVARJEVA CESTA 61 A,1218 KOMENDA,46.20453,14.53935,Glavarjeva cesta,,61,A,Komenda,,Komenda,1218,Komenda
NA PALCAH 2,1211 LJUBLJANA - ŠMARTNO,46.12111,14.47331,Na Palcah,,2,,Ljubljana,,Ljubljana,1211,Ljubljana - Šmartno
ALJAŽEVA ULICA 9,1234 MENGEŠ,46.16990,14.57643,Aljaževa ulica,,9,,Mengeš,,Mengeš,1234,Mengeš
TOVARNIŠKA CESTA 2 B,5270 AJDOVŠČINA,45.88681,13.90359,Tovarniška cesta,,2,B,Ajdovščina,,Ajdovščina,5270,Ajdovščina
TBILISIJSKA ULICA 59,1000 LJUBLJANA,46.03762,14.47887,Tbilisijska ulica,,59,,Ljubljana,,Ljubljana,1000,Ljubljana
TBILISIJSKA ULICA 59,1000 LJUBLJANA,46.03762,14.47887,Tbilisijska ulica,,59,,Ljubljana,,Ljubljana,1000,Ljubljana
PARTIZANSKA CESTA 59,2000 MARIBOR,46.56358,15.65790,Partizanska cesta,,59,,Maribor,,Maribor,2000,Maribor
PODLEHNIK 9,2286 PODLEHNIK,46.33608,15.87803,Podlehnik,,9,,Podlehnik,,Podlehnik,2286,Podlehnik
ZGORNJE DUPLJE 101 A,4203 DUPLJE,46.30397,14.29648,Zgornje Duplje,,101,A,Zgornje Duplje,,Naklo,4203,Duplje
DOLGA ULICA 82,9000 MURSKA SOBOTA,46.66544,16.14308,Dolga ulica,,82,,Černelavci,,Murska Sobota,9000,Murska Sobota
DOBRNA 50,3204 DOBRNA,46.33966,15.22417,Dobrna,,50,,Dobrna,,Dobrna,3204,Dobrna
GREGORČIČEVA ULICA 5,3000 CELJE,46.23224,15.26227,Gregorčičeva ulica,,5,,Celje,,Celje,3000,Celje
PUŠTAL 108,4220 ŠKOFJA LOKA,46.16085,14.31135,Puštal,,108,,Puštal,,Škofja Loka,4220,Škofja Loka
PRIJATELJEVA ULICA 2,1000 LJUBLJANA,46.04409,14.50840,Prijateljeva ulica,,2,,Ljubljana,,Ljubljana,1000,Ljubljana
ULICA LACKOVEGA ODREDA 6,2341 LIMBUŠ,46.55328,15.58435,Ulica Lackovega odreda,,6,,Limbuš,,Maribor,2341,Limbuš
MESTNI TRG 2,1230 DOMŽALE,46.13975,14.59617,Mestni trg,,2,,Domžale,,Domžale,1230,Domžale
PTUJSKA CESTA 13,2204 MIKLAVŽ NA DRAVSKEM POLJU,46.51263,15.69050,Ptujska cesta,,13,,Miklavž na Dravskem polju,,Miklavž na Dravskem polju,2204,Miklavž na Dravskem polju
ULICA BRATOV UČAKAR 64,1000 LJUBLJANA,46.07216,14.47257,Ulica bratov Učakar,,64,,Ljubljana,,Ljubljana,1000,Ljubljana
VOJKOVO NABREŽJE 23,6000 KOPER - CAPODISTRIA,45.54627,13.73404,Vojkovo nabrežje,Riva Janko Premrl-Vojko,23,,Koper,Capodistria,Koper,6000,Koper - Capodistria
KOLINSKA ULICA 1,1000 LJUBLJANA,46.05983,14.52249,Kolinska ulica,,1,,Ljubljana,,Ljubljana,1000,Ljubljana
CESTA V MESTNI LOG 55,1000 LJUBLJANA,46.03620,14.48957,Cesta v Mestni log,,55,,Ljubljana,,Ljubljana,1000,Ljubljana
GASPARIJEVA ULICA 12,1000 LJUBLJANA,46.05233,14.52825,Gasparijeva ulica,,12,,Ljubljana,,Ljubljana,1000,Ljubljana
CESTA V ROŠPOH 24 A,2351 KAMNICA,46.57287,15.61260,Cesta v Rošpoh,,24,A,Kamnica,,Maribor,2351,Kamnica
RAJŠPOVA ULICA 16,2250 PTUJ,46.41951,15.88151,Rajšpova ulica,,16,,Ptuj,,Ptuj,2250,Ptuj
MEJAČEVA ULICA 3,1353 BOROVNICA,45.91998,14.36563,Mejačeva ulica,,3,,Borovnica,,Borovnica,1353,Borovnica
BREG 6 A,2322 MAJŠPERK,46.33947,15.73623,Breg,,6,A,Breg,,Majšperk,2322,Majšperk
BREG 6 A,2322 MAJŠPERK,46.33947,15.73623,Breg,,6,A,Breg,,Majšperk,2322,Majšperk
TIVOLSKA CESTA 48,1000 LJUBLJANA,46.05758,14.50466,Tivolska cesta,,48,,Ljubljana,,Ljubljana,1000,Ljubljana
ULICA BRATOV BABNIK 10,1000 LJUBLJANA,46.07645,14.46600,Ulica bratov Babnik,,10,,Ljubljana,,Ljubljana,1000,Ljubljana
MESTNI TRG 2,1230 DOMŽALE,46.13975,14.59617,Mestni trg,,2,,Domžale,,Domžale,1230,Domžale
ULICA VLADIMIRJA DOLNIČARJA 11,1356 DOBROVA,46.05355,14.41726,Ulica Vladimirja Dolničarja,,11,,Dobrova,,Dobrova-Polhov Gradec,1356,Dobrova
CESTA NA BRDO 63,1000 LJUBLJANA,46.04564,14.46976,Cesta na Brdo,,63,,Ljubljana,,Ljubljana,1000,Ljubljana
ZALOŠKA CESTA 2,1000 LJUBLJANA,46.05221,14.52078,Zaloška cesta,,2,,Ljubljana,,Ljubljana,1000,Ljubljana
LJUBLJANSKA ULICA 5,2000 MARIBOR,46.55289,15.64858,Ljubljanska ulica,,5,,Maribor,,Maribor,2000,Maribor
MESTNI TRG 17,3210 SLOVENSKE KONJICE,46.33998,15.42862,Mestni trg,,17,,Slovenske Konjice,,Slovenske Konjice,3210,Slovenske Konjice
VODOVODNA CESTA 109,1000 LJUBLJANA,46.07871,14.50194,Vodovodna cesta,,109,,Ljubljana,,Ljubljana,1000,Ljubljana
VODOVODNA CESTA 109,1000 LJUBLJANA,46.07871,14.50194,Vodovodna cesta,,109,,Ljubljana,,Ljubljana,1000,Ljubljana
STARA CESTA 10,4220 ŠKOFJA LOKA,46.16618,14.31281,Stara cesta,,10,,Škofja Loka,,Škofja Loka,4220,Škofja Loka
ROŠKA CESTA 18,1330 KOČEVJE,45.63938,14.86562,Roška cesta,,18,,Kočevje,,Kočevje,1330,Kočevje
GLAVNI TRG 47,2366 MUTA,46.61055,15.16488,Glavni trg,,47,,Muta,,Muta,2366,Muta
TRG 4. JULIJA 9,2370 DRAVOGRAD,46.58921,15.02233,Trg 4. julija,,9,,Dravograd,,Dravograd,2370,Dravograd
PREČNA POT 4 D,6320 PORTOROŽ - PORTOROSE,45.51588,13.58730,Prečna pot,Traversale,4,D,Portorož,Portorose,Piran,6320,Portorož - Portorose
CESTA 4. MAJA 17,1380 CERKNICA,45.79122,14.36578,Cesta 4. maja,,17,,Cerknica,,Cerknica,1380,Cerknica
CESTA NOTRANJSKEGA ODREDA 36,1386 STARI TRG PRI LOŽU,45.71325,14.47221,Cesta Notranjskega odreda,,36,,Stari trg pri Ložu,,Loška dolina,1386,Stari trg pri Ložu
GLAVNI TRG 15,3313 POLZELA,46.27950,15.07495,Glavni trg,,15,,Polzela,,Polzela,3313,Polzela
GABRŠČKOVA ULICA 91,1000 LJUBLJANA,46.04743,14.46956,Gabrščkova ulica,,91,,Ljubljana,,Ljubljana,1000,Ljubljana
DUNAJSKA CESTA 5,1000 LJUBLJANA,46.05937,14.50613,Dunajska cesta,,5,,Ljubljana,,Ljubljana,1000,Ljubljana
GLONARJEVA ULICA 4,1000 LJUBLJANA,46.04965,14.52687,Glonarjeva ulica,,4,,Ljubljana,,Ljubljana,1000,Ljubljana
VIDEM PRI PTUJU 51,2284 VIDEM PRI PTUJU,46.36906,15.90255,Videm pri Ptuju,,51,,Videm pri Ptuju,,Videm,2284,Videm pri Ptuju
DEVINSKA ULICA 11,2310 SLOVENSKA BISTRICA,46.39787,15.57986,Devinska ulica,,11,,Slovenska Bistrica,,Slovenska Bistrica,2310,Slovenska Bistrica
PANONSKA CESTA 17,9252 RADENCI,46.64428,16.03994,Panonska cesta,,17,,Radenci,,Radenci,9252,Radenci
GOSPOSVETSKA ULICA 10 A,4000 KRANJ,46.24862,14.35322,Gosposvetska ulica,,10,A,Kranj,,Kranj,4000,Kranj
IZLAKE 13,1411 IZLAKE,46.15540,14.92923,Izlake,,13,,Izlake,,Zagorje ob Savi,1411,Izlake
OB PROGI 3,3250 ROGAŠKA SLATINA,46.24403,15.62204,Ob progi,,3,,Rogaška Slatina,,Rogaška Slatina,3250,Rogaška Slatina
CESTA NA BRDO 43,1000 LJUBLJANA,46.04527,14.47120,Cesta na Brdo,,43,,Ljubljana,,Ljubljana,1000,Ljubljana
KERŠOVA ULICA 1,3212 VOJNIK,46.29133,15.30397,Keršova ulica,,1,,Vojnik,,Vojnik,3212,Vojnik
MLADINSKA ULICA 18,9252 RADENCI,46.64462,16.03732,Mladinska ulica,,18,,Radenci,,Radenci,9252,Radenci
CELJSKA CESTA 26,3212 VOJNIK,46.29015,15.30205,Celjska cesta,,26,,Vojnik,,Vojnik,3212,Vojnik
MESTNI TRG 2,1230 DOMŽALE,46.13975,14.59617,Mestni trg,,2,,Domžale,,Domžale,1230,Domžale
MLADINSKA CESTA 1,4260 BLED,46.37140,14.10909,Mladinska cesta,,1,,Bled,,Bled,4260,Bled
KREKOVA ULICA 14 A,2000 MARIBOR,46.56236,15.64548,Krekova ulica,,14,A,Maribor,,Maribor,2000,Maribor
V KLADEH 9,1000 LJUBLJANA,46.10876,14.45930,V Kladeh,,9,,Ljubljana,,Ljubljana,1000,Ljubljana
BEGUNJSKA CESTA 2,4290 TRŽIČ,46.35659,14.29278,Begunjska cesta,,2,,Bistrica pri Tržiču,,Tržič,4290,Tržič
MAISTROVA ULICA 22,2230 LENART V SLOV. GORICAH,46.57734,15.82896,Maistrova ulica,,22,,Lenart v Slov. goricah,,Lenart,2230,Lenart v Slov. goricah
TRG BORCEV NOB 13,1431 DOL PRI HRASTNIKU,46.14123,15.11613,Trg borcev NOB,,13,,Dol pri Hrastniku,,Hrastnik,1431,Dol pri Hrastniku
CESTA ZMAGE 1,1410 ZAGORJE OB SAVI,46.13384,14.99570,Cesta zmage,,1,,Zagorje ob Savi,,Zagorje ob Savi,1410,Zagorje ob Savi
BLEJSKA CESTA 10,4290 TRŽIČ,46.36361,14.30654,Blejska cesta,,10,,Tržič,,Tržič,4290,Tržič
ŠAFARSKO 24 D,9246 RAZKRIŽJE,46.52012,16.28685,Šafarsko,,24,D,Šafarsko,,Razkrižje,9246,Razkrižje
ŠMARJETA 66,8220 ŠMARJEŠKE TOPLICE,45.88826,15.24703,Šmarjeta,,66,,Šmarjeta,,Šmarješke Toplice,8220,Šmarješke Toplice
KREMBERK 36 A,2233 SV. ANA V SLOV. GORICAH,46.64786,15.84250,Kremberk,,36,A,Kremberk,,Sveta Ana,2233,Sv. Ana v Slov. goricah
ULICA ZORANA VELNARJA 2,9000 MURSKA SOBOTA,46.65481,16.15333,Ulica Zorana Velnarja,,2,,Murska Sobota,,Murska Sobota,9000,Murska Sobota
GLAVNI TRG 15,3313 POLZELA,46.27950,15.07495,Glavni trg,,15,,Polzela,,Polzela,3313,Polzela
MROŽEVA ULICA 3,2310 SLOVENSKA BISTRICA,46.39615,15.55526,Mroževa ulica,,3,,Slovenska Bistrica,,Slovenska Bistrica,2310,Slovenska Bistrica
ULICA POHORSKEGA BATALJONA 11,2317 OPLOTNICA,46.38817,15.44733,Ulica Pohorskega bataljona,,11,,Oplotnica,,Oplotnica,2317,Oplotnica
CESTA PREKOMORSKIH BRIGAD 25,5290 ŠEMPETER PRI GORICI,45.93053,13.63792,Cesta Prekomorskih brigad,,25,,Šempeter pri Gorici,,Šempeter-Vrtojba,5290,Šempeter pri Gorici
CAFOVA ULICA 1,2313 FRAM,46.45644,15.62696,Cafova ulica,,1,,Fram,,Rače-Fram,2313,Fram
MEJAČEVA ULICA 3,1353 BOROVNICA,45.91998,14.36563,Mejačeva ulica,,3,,Borovnica,,Borovnica,1353,Borovnica
MEJAČEVA ULICA 3,1353 BOROVNICA,45.91998,14.36563,Mejačeva ulica,,3,,Borovnica,,Borovnica,1353,Borovnica
GLAVNI TRG 15,3313 POLZELA,46.27950,15.07495,Glavni trg,,15,,Polzela,,Polzela,3313,Polzela
GORNJI TRG 37,2344 LOVRENC NA POHORJU,46.53780,15.38462,Gornji trg,,37,,Lovrenc na Pohorju,,Lovrenc na Pohorju,2344,Lovrenc na Pohorju
CESTA PREKOMORSKIH BRIGAD 25,5290 ŠEMPETER PRI GORICI,45.93053,13.63792,Cesta Prekomorskih brigad,,25,,Šempeter pri Gorici,,Šempeter-Vrtojba,5290,Šempeter pri Gorici
GLAVNI TRG 15,3313 POLZELA,46.27950,15.07495,Glavni trg,,15,,Polzela,,Polzela,3313,Polzela
PONOVIŠKA CESTA 6,1270 LITIJA,46.05833,14.82866,Ponoviška cesta,,6,,Litija,,Litija,1270,Litija
PONOVIŠKA CESTA 6,1270 LITIJA,46.05833,14.82866,Ponoviška cesta,,6,,Litija,,Litija,1270,Litija
MARIBORSKA CESTA 37,2360 RADLJE OB DRAVI,46.61372,15.23075,Mariborska cesta,,37,,Radlje ob Dravi,,Radlje ob Dravi,2360,Radlje ob Dravi
GLAVNI TRG 47,2366 MUTA,46.61055,15.16488,Glavni trg,,47,,Muta,,Muta,2366,Muta
PARTIZANSKA ULICA 30,2310 SLOVENSKA BISTRICA,46.39552,15.56233,Partizanska ulica,,30,,Slovenska Bistrica,,Slovenska Bistrica,2310,Slovenska Bistrica
PANONSKA CESTA 15,9252 RADENCI,46.64352,16.03964,Panonska cesta,,15,,Radenci,,Radenci,9252,Radenci
KOVAŠKA CESTA 22,3214 ZREČE,46.37959,15.38343,Kovaška cesta,,22,,Zreče,,Zreče,3214,Zreče
LENDAVSKA ULICA 17 A,9000 MURSKA SOBOTA,46.66438,16.16739,Lendavska ulica,,17,A,Murska Sobota,,Murska Sobota,9000,Murska Sobota
SAVINJSKA CESTA 6,3330 MOZIRJE,46.33885,14.95935,Savinjska cesta,,6,,Mozirje,,Mozirje,3330,Mozirje
MAISTROVA ULICA 7,9241 VERŽEJ,46.58358,16.16056,Maistrova ulica,,7,,Veržej,,Veržej,9241,Veržej
ULICA STANETA ROZMANA 16,9000 MURSKA SOBOTA,46.66145,16.16862,Ulica Staneta Rozmana,,16,,Murska Sobota,,Murska Sobota,9000,Murska Sobota
CANKARJEVA ULICA 6,3000 CELJE,46.22964,15.26602,Cankarjeva ulica,,6,,Celje,,Celje,3000,Celje
ČERNELČEVA CESTA 8,8250 BREŽICE,45.90811,15.59415,Černelčeva cesta,,8,,Brežice,,Brežice,8250,Brežice
LENDAVSKA ULICA 17 A,9000 MURSKA SOBOTA,46.66438,16.16739,Lendavska ulica,,17,A,Murska Sobota,,Murska Sobota,9000,Murska Sobota
MAISTROVA ULICA 22,2230 LENART V SLOV. GORICAH,46.57734,15.82896,Maistrova ulica,,22,,Lenart v Slov. goricah,,Lenart,2230,Lenart v Slov. goricah
MESTNI TRG 17,3210 SLOVENSKE KONJICE,46.33998,15.42862,Mestni trg,,17,,Slovenske Konjice,,Slovenske Konjice,3210,Slovenske Konjice
CESTA KRŠKIH ŽRTEV 132 C,8270 KRŠKO,45.94307,15.48349,Cesta krških žrtev,,132,C,Krško,,Krško,8270,Krško
GREGORČIČEVA CESTA 8,6250 ILIRSKA BISTRICA,45.56848,14.24324,Gregorčičeva cesta,,8,,Ilirska Bistrica,,Ilirska Bistrica,6250,Ilirska Bistrica
STADIONSKA ULICA 2,2342 RUŠE,46.54266,15.50658,Stadionska ulica,,2,,Ruše,,Ruše,2342,Ruše
SAVSKA CESTA 10,1000 LJUBLJANA,46.06433,14.52589,Savska cesta,,10,,Ljubljana,,Ljubljana,1000,Ljubljana
ŠMARTNO OB PAKI 146 B,3327 ŠMARTNO OB PAKI,46.33000,15.03759,Šmartno ob Paki,,146,B,Šmartno ob Paki,,Šmartno ob Paki,3327,Šmartno ob Paki
OB KOPRIVNICI 81,3000 CELJE,46.24988,15.25196,Ob Koprivnici,,81,,Celje,,Celje,3000,Celje
GRAŠČINSKA CESTA 11,3312 PREBOLD,46.23604,15.09094,Graščinska cesta,,11,,Prebold,,Prebold,3312,Prebold
OBRTNIŠKA ULICA 30,6000 KOPER - CAPODISTRIA,45.53069,13.73563,Obrtniška ulica,Via degli Artigiani,30,,Koper,Capodistria,Koper,6000,Koper - Capodistria
MAKOLE 28,2321 MAKOLE,46.31735,15.66729,Makole,,28,,Makole,,Makole,2321,Makole
NA VASI 11,3205 VITANJE,46.38261,15.29604,Na vasi,,11,,Vitanje,,Vitanje,3205,Vitanje
MESTNI TRG 17,3210 SLOVENSKE KONJICE,46.33998,15.42862,Mestni trg,,17,,Slovenske Konjice,,Slovenske Konjice,3210,Slovenske Konjice
ŠOLSKA CESTA 55,2382 MISLINJA,46.44475,15.19541,Šolska cesta,,55,,Mislinja,,Mislinja,2382,Mislinja
PREŠERNOVA ULICA 6,3310 ŽALEC,46.25093,15.16216,Prešernova ulica,,6,,Žalec,,Žalec,3310,Žalec
PREŠERNOVA ULICA 6,3310 ŽALEC,46.25093,15.16216,Prešernova ulica,,6,,Žalec,,Žalec,3310,Žalec
PREŠERNOVA ULICA 6,3310 ŽALEC,46.25093,15.16216,Prešernova ulica,,6,,Žalec,,Žalec,3310,Žalec
KANDIJSKA CESTA 4,8000 NOVO MESTO,45.80129,15.16270,Kandijska cesta,,4,,Novo mesto,,Novo mesto,8000,Novo mesto
KANDIJSKA CESTA 4,8000 NOVO MESTO,45.80129,15.16270,Kandijska cesta,,4,,Novo mesto,,Novo mesto,8000,Novo mesto
GRAŠČINSKA CESTA 11,3312 PREBOLD,46.23604,15.09094,Graščinska cesta,,11,,Prebold,,Prebold,3312,Prebold
KANDIJSKA CESTA 4,8000 NOVO MESTO,45.80129,15.16270,Kandijska cesta,,4,,Novo mesto,,Novo mesto,8000,Novo mesto
ROGAŠKA CESTA 21,3240 ŠMARJE PRI JELŠAH,46.22985,15.52162,Rogaška cesta,,21,,Šmarje pri Jelšah,,Šmarje pri Jelšah,3240,Šmarje pri Jelšah
MESTNI TRG 17,3210 SLOVENSKE KONJICE,46.33998,15.42862,Mestni trg,,17,,Slovenske Konjice,,Slovenske Konjice,3210,Slovenske Konjice
DESTRNIK 9,2253 DESTRNIK,46.49296,15.87572,Destrnik,,9,,Destrnik,,Destrnik,2253,Destrnik
GREGORČIČEVA ULICA 5,3000 CELJE,46.23224,15.26227,Gregorčičeva ulica,,5,,Celje,,Celje,3000,Celje
GREGORČIČEVA ULICA 5,3000 CELJE,46.23224,15.26227,Gregorčičeva ulica,,5,,Celje,,Celje,3000,Celje
ŠOLSKA ULICA 1,8270 KRŠKO,45.95989,15.49411,Šolska ulica,,1,,Krško,,Krško,8270,Krško
GREGORČIČEVA ULICA 5,3000 CELJE,46.23224,15.26227,Gregorčičeva ulica,,5,,Celje,,Celje,3000,Celje
ULICA DR. VRBNJAKA 1,9000 MURSKA SOBOTA,46.65007,16.19052,Ulica dr. Vrbnjaka,,1,,Rakičan,,Murska Sobota,9000,Murska Sobota
GLAVNI TRG 16 C,5271 VIPAVA,45.84600,13.96138,Glavni trg,,16,C,Vipava,,Vipava,5271,Vipava
ULICA OKTOBRSKE REVOLUCIJE 11,6310 IZOLA - ISOLA,45.53464,13.66078,Ulica oktobrske revolucije,Via Rivoluzione d'Ottobre,11,,Izola,Isola,Izola,6310,Izola - Isola
MESTNI TRG 5,3310 ŽALEC,46.25295,15.16210,Mestni trg,,5,,Žalec,,Žalec,3310,Žalec
VODNIKOVA CESTA 1,3320 VELENJE,46.36151,15.11636,Vodnikova cesta,,1,,Velenje,,Velenje,3320,Velenje
MAISTROVA ULICA 7,9241 VERŽEJ,46.58358,16.16056,Maistrova ulica,,7,,Veržej,,Veržej,9241,Veržej
TRG SVOBODE 18 A,2390 RAVNE NA KOROŠKEM,46.54428,14.96559,Trg svobode,,18,A,Ravne na Koroškem,,Ravne na Koroškem,2390,Ravne na Koroškem
PREČNA ULICA 3,6257 PIVKA,45.68385,14.19357,Prečna ulica,,3,,Pivka,,Pivka,6257,Pivka
GREGORČIČEVA ULICA 5,3000 CELJE,46.23224,15.26227,Gregorčičeva ulica,,5,,Celje,,Celje,3000,Celje
DORNAVA 135 A,2252 DORNAVA,46.43405,15.95139,Dornava,,135,A,Dornava,,Dornava,2252,Dornava
CELJSKA CESTA 14,3240 ŠMARJE PRI JELŠAH,46.22925,15.51630,Celjska cesta,,14,,Šmarje pri Jelšah,,Šmarje pri Jelšah,3240,Šmarje pri Jelšah
BLEJSKA CESTA 10,4290 TRŽIČ,46.36361,14.30654,Blejska cesta,,10,,Tržič,,Tržič,4290,Tržič
GRAŠČINSKA CESTA 11,3312 PREBOLD,46.23604,15.09094,Graščinska cesta,,11,,Prebold,,Prebold,3312,Prebold
KRMELJ 53,8296 KRMELJ,45.98651,15.18517,Krmelj,,53,,Krmelj,,Sevnica,8296,Krmelj
CELJSKA CESTA 10,3250 ROGAŠKA SLATINA,46.23916,15.63420,Celjska cesta,,10,,Rogaška Slatina,,Rogaška Slatina,3250,Rogaška Slatina
GLAVNI TRG 15,3313 POLZELA,46.27950,15.07495,Glavni trg,,15,,Polzela,,Polzela,3313,Polzela
KANDIJSKA CESTA 4,8000 NOVO MESTO,45.80129,15.16270,Kandijska cesta,,4,,Novo mesto,,Novo mesto,8000,Novo mesto
LINHARTOVA CESTA 51,1000 LJUBLJANA,46.06670,14.52411,Linhartova cesta,,51,,Ljubljana,,Ljubljana,1000,Ljubljana
VRBANSKA CESTA 35,2000 MARIBOR,46.56527,15.63387,Vrbanska cesta,,35,,Maribor,,Maribor,2000,Maribor
OB SUHI 11,2390 RAVNE NA KOROŠKEM,46.54286,14.96765,Ob Suhi,,11,,Ravne na Koroškem,,Ravne na Koroškem,2390,Ravne na Koroškem
GOSPOSVETSKA ULICA 10 B,4000 KRANJ,46.24826,14.35331,Gosposvetska ulica,,10,B,Kranj,,Kranj,4000,Kranj
CESTA MARŠALA TITA 78,4270 JESENICE,46.44000,14.04461,Cesta maršala Tita,,78,,Jesenice,,Jesenice,4270,Jesenice
RUDARSKA CESTA 12,1420 TRBOVLJE,46.15510,15.04796,Rudarska cesta,,12,,Trbovlje,,Trbovlje,1420,Trbovlje
ŠMARJEŠKA CESTA 4,8000 NOVO MESTO,45.81476,15.17800,Šmarješka cesta,,4,,Novo mesto,,Novo mesto,8000,Novo mesto
SLOVENSKA CESTA 17,1354 HORJUL,46.02461,14.29536,Slovenska cesta,,17,,Horjul,,Horjul,1354,Horjul
JURČIČEVA ULICA 32,8360 ŽUŽEMBERK,45.83205,14.93017,Jurčičeva ulica,,32,,Žužemberk,,Žužemberk,8360,Žužemberk
GREGORČIČEVA ULICA 17,5222 KOBARID,46.24740,13.58074,Gregorčičeva ulica,,17,,Kobarid,,Kobarid,5222,Kobarid
MLADINSKA ULICA 10,9000 MURSKA SOBOTA,46.61794,16.14409,Mladinska ulica,,10,,Bakovci,,Murska Sobota,9000,Murska Sobota
PREŠERNOVA ULICA 6,3310 ŽALEC,46.25093,15.16216,Prešernova ulica,,6,,Žalec,,Žalec,3310,Žalec
TRG SVOBODE 18 A,2390 RAVNE NA KOROŠKEM,46.54428,14.96559,Trg svobode,,18,A,Ravne na Koroškem,,Ravne na Koroškem,2390,Ravne na Koroškem
GOSPOSVETSKA ULICA 10 A,4000 KRANJ,46.24862,14.35322,Gosposvetska ulica,,10,A,Kranj,,Kranj,4000,Kranj
KRIŽEVCI PRI LJUTOMERU 1 B,9242 KRIŽEVCI PRI LJUTOMERU,46.56093,16.14015,Križevci pri Ljutomeru,,1,B,Križevci pri Ljutomeru,,Križevci,9242,Križevci pri Ljutomeru
GREGORČIČEVA ULICA 5,3000 CELJE,46.23224,15.26227,Gregorčičeva ulica,,5,,Celje,,Celje,3000,Celje
VIDEM 17 C,1262 DOL PRI LJUBLJANI,46.08608,14.63269,Videm,,17,C,Videm,,Dol pri Ljubljani,1262,Dol pri Ljubljani
KANDIJSKA CESTA 4,8000 NOVO MESTO,45.80129,15.16270,Kandijska cesta,,4,,Novo mesto,,Novo mesto,8000,Novo mesto
KIDRIČEVA ULICA 11,8210 TREBNJE,45.90991,15.00628,Kidričeva ulica,,11,,Trebnje,,Trebnje,8210,Trebnje
KANDIJSKA CESTA 4,8000 NOVO MESTO,45.80129,15.16270,Kandijska cesta,,4,,Novo mesto,,Novo mesto,8000,Novo mesto
LITIJSKA CESTA 38,1000 LJUBLJANA,46.04733,14.54543,Litijska cesta,,38,,Ljubljana,,Ljubljana,1000,Ljubljana
CESTA 4. MAJA 17,1380 CERKNICA,45.79122,14.36578,Cesta 4. maja,,17,,Cerknica,,Cerknica,1380,Cerknica
PODGRAD 12 B,6244 PODGRAD,45.52063,14.14665,Podgrad,,12,B,Podgrad,,Ilirska Bistrica,6244,Podgrad
OBRTNIŠKA ULICA 6,8210 TREBNJE,45.90719,15.02266,Obrtniška ulica,,6,,Trebnje,,Trebnje,8210,Trebnje
POT V GAJ 2,6000 KOPER - CAPODISTRIA,45.54423,13.71155,Pot v gaj,Vicolo al boschetto,2,,Koper,Capodistria,Koper,6000,Koper - Capodistria
TRG JOŽETA LAMPRETA 1,3325 ŠOŠTANJ,46.37648,15.04850,Trg Jožeta Lampreta,,1,,Šoštanj,,Šoštanj,3325,Šoštanj
VOJKOVO NABREŽJE 32,6000 KOPER - CAPODISTRIA,45.54807,13.73774,Vojkovo nabrežje,Riva Janko Premrl-Vojko,32,,Koper,Capodistria,Koper,6000,Koper - Capodistria
KOPALIŠKA CESTA 7,4240 RADOVLJICA,46.34702,14.17201,Kopališka cesta,,7,,Radovljica,,Radovljica,4240,Radovljica
CESTA SVOBODE 47 A,4260 BLED,46.35838,14.09453,Cesta svobode,,47,A,Bled,,Bled,4260,Bled
VOJKOVO NABREŽJE 32,6000 KOPER - CAPODISTRIA,45.54807,13.73774,Vojkovo nabrežje,Riva Janko Premrl-Vojko,32,,Koper,Capodistria,Koper,6000,Koper - Capodistria
ULICA OKTOBRSKE REVOLUCIJE 11,6310 IZOLA - ISOLA,45.53464,13.66078,Ulica oktobrske revolucije,Via Rivoluzione d'Ottobre,11,,Izola,Isola,Izola,6310,Izola - Isola
CESTA MARŠALA TITA 78,4270 JESENICE,46.44000,14.04461,Cesta maršala Tita,,78,,Jesenice,,Jesenice,4270,Jesenice
GOSPOSVETSKA ULICA 10,4000 KRANJ,46.24890,14.35325,Gosposvetska ulica,,10,,Kranj,,Kranj,4000,Kranj
ŽELEZNIKOVA ULICA 4,2000 MARIBOR,46.55037,15.66738,Železnikova ulica,,4,,Maribor,,Maribor,2000,Maribor
STARA CESTA 10,4220 ŠKOFJA LOKA,46.16618,14.31281,Stara cesta,,10,,Škofja Loka,,Škofja Loka,4220,Škofja Loka
CESTA POD SLIVNICO 21,1380 CERKNICA,45.79663,14.36783,Cesta pod Slivnico,,21,,Cerknica,,Cerknica,1380,Cerknica
TRŽNA ULICA 3,1000 LJUBLJANA,46.06421,14.49368,Tržna ulica,,3,,Ljubljana,,Ljubljana,1000,Ljubljana
KRŽIČEVA ULICA 10,1000 LJUBLJANA,46.06465,14.51105,Kržičeva ulica,,10,,Ljubljana,,Ljubljana,1000,Ljubljana
METELKOVA ULICA 9,1000 LJUBLJANA,46.05658,14.51516,Metelkova ulica,,9,,Ljubljana,,Ljubljana,1000,Ljubljana
PRVOMAJSKA ULICA 5,1000 LJUBLJANA,46.05588,14.53132,Prvomajska ulica,,5,,Ljubljana,,Ljubljana,1000,Ljubljana
ŠESTOVA ULICA 10,1000 LJUBLJANA,46.04631,14.48719,Šestova ulica,,10,,Ljubljana,,Ljubljana,1000,Ljubljana
OB ZDRAVSTVENEM DOMU 1,1210 LJUBLJANA - ŠENTVID,46.09856,14.46490,Ob zdravstvenem domu,,1,,Ljubljana,,Ljubljana,1210,Ljubljana - Šentvid
DERČEVA ULICA 5,1000 LJUBLJANA,46.06846,14.48800,Derčeva ulica,,5,,Ljubljana,,Ljubljana,1000,Ljubljana
PESNICA PRI MARIBORU 42 C,2211 PESNICA PRI MARIBORU,46.60846,15.67654,Pesnica pri Mariboru,,42,C,Pesnica pri Mariboru,,Pesnica,2211,Pesnica pri Mariboru
JURŠINCI 3,2256 JURŠINCI,46.48566,15.96784,Juršinci,,3,,Juršinci,,Juršinci,2256,Juršinci
ULICA HEROJA NANDETA 37,2000 MARIBOR,46.53310,15.67376,Ulica heroja Nandeta,,37,,Maribor,,Maribor,2000,Maribor
FLORJAN 165 C,3325 ŠOŠTANJ,46.38507,15.02767,Florjan,,165,C,Florjan,,Šoštanj,3325,Šoštanj
TRIGLAVSKA ULICA 6,1000 LJUBLJANA,46.07328,14.50934,Triglavska ulica,,6,,Ljubljana,,Ljubljana,1000,Ljubljana
KOLOMBAN 38 F,6280 ANKARAN - ANCARANO,45.58875,13.74737,Kolomban,Colombano,38,F,Kolomban,Colombano,Koper,6280,Ankaran - Ancarano
ULICA PADLIH BORCEV 22,6258 PRESTRANEK,45.72884,14.18469,Ulica padlih borcev,,22,,Prestranek,,Postojna,6258,Prestranek
ROGOZNIŠKA CESTA 32 A,2250 PTUJ,46.42600,15.88643,Rogozniška cesta,,32,A,Ptuj,,Ptuj,2250,Ptuj
CESTA NA POLJANE 24,1210 LJUBLJANA - ŠENTVID,46.09337,14.47463,Cesta na Poljane,,24,,Ljubljana,,Ljubljana,1210,Ljubljana - Šentvid
DUNAJSKA CESTA 405,1231 LJUBLJANA - ČRNUČE,46.10448,14.53545,Dunajska cesta,,405,,Ljubljana,,Ljubljana,1231,Ljubljana - Črnuče
TOVARNIŠKA CESTA 3,5270 AJDOVŠČINA,45.88598,13.90542,Tovarniška cesta,,3,,Ajdovščina,,Ajdovščina,5270,Ajdovščina
ČERNELČEVA CESTA 8,8250 BREŽICE,45.90811,15.59415,Černelčeva cesta,,8,,Brežice,,Brežice,8250,Brežice
GREGORČIČEVA ULICA 5,3000 CELJE,46.23224,15.26227,Gregorčičeva ulica,,5,,Celje,,Celje,3000,Celje
MESTNI TRG 2,1230 DOMŽALE,46.13975,14.59617,Mestni trg,,2,,Domžale,,Domžale,1230,Domžale
ULICA TALCEV 9,2000 MARIBOR,46.55933,15.65183,Ulica talcev,,9,,Maribor,,Maribor,2000,Maribor
CESTA 4. MAJA 17,1380 CERKNICA,45.79122,14.36578,Cesta 4. maja,,17,,Cerknica,,Cerknica,1380,Cerknica
PREČNA ULICA 2,6230 POSTOJNA,45.77205,14.21042,Prečna ulica,,2,,Postojna,,Postojna,6230,Postojna
MAJNIKOVA ULICA 1,1310 RIBNICA,45.74238,14.72596,Majnikova ulica,,1,,Ribnica,,Ribnica,1310,Ribnica
PREŠERNOVA ULICA 6,3310 ŽALEC,46.25093,15.16216,Prešernova ulica,,6,,Žalec,,Žalec,3310,Žalec
NOVI TRG 26,1241 KAMNIK,46.22139,14.61328,Novi trg,,26,,Kamnik,,Kamnik,1241,Kamnik
TRG 4. JULIJA 4,2370 DRAVOGRAD,46.58962,15.02470,Trg 4. julija,,4,,Dravograd,,Dravograd,2370,Dravograd
PARTIZANSKA CESTA 40,9250 GORNJA RADGONA,46.67340,15.99302,Partizanska cesta,,40,,Gornja Radgona,,Gornja Radgona,9250,Gornja Radgona
POD GOZDOM CESTA I 14,1290 GROSUPLJE,45.95943,14.65315,Pod gozdom cesta I,,14,,Grosuplje,,Grosuplje,1290,Grosuplje
NOVI DOM 11,1430 HRASTNIK,46.14030,15.08513,Novi dom,,11,,Hrastnik,,Hrastnik,1430,Hrastnik
ULICA OTONA ŽUPANČIČA 3,5280 IDRIJA,46.00220,14.03036,Ulica Otona Župančiča,,3,,Idrija,,Idrija,5280,Idrija
GREGORČIČEVA CESTA 8,6250 ILIRSKA BISTRICA,45.56848,14.24324,Gregorčičeva cesta,,8,,Ilirska Bistrica,,Ilirska Bistrica,6250,Ilirska Bistrica
CESTA 2. GRUPE ODREDOV 16,1295 IVANČNA GORICA,45.93759,14.80558,Cesta 2. grupe odredov,,16,,Ivančna Gorica,,Ivančna Gorica,1295,Ivančna Gorica
ULICA OKTOBRSKE REVOLUCIJE 11,6310 IZOLA - ISOLA,45.53464,13.66078,Ulica oktobrske revolucije,Via Rivoluzione d'Ottobre,11,,Izola,Isola,Izola,6310,Izola - Isola
DELLAVALLEJEVA ULICA 3,6000 KOPER - CAPODISTRIA,45.54870,13.73094,Dellavallejeva ulica,Via Luciano Dellavalle,3,,Koper,Capodistria,Koper,6000,Koper - Capodistria
ROŠKA CESTA 18,1330 KOČEVJE,45.63938,14.86562,Roška cesta,,18,,Kočevje,,Kočevje,1330,Kočevje
CESTA KRŠKIH ŽRTEV 132 C,8270 KRŠKO,45.94307,15.48349,Cesta krških žrtev,,132,C,Krško,,Krško,8270,Krško
KIDRIČEVA ULICA 5 B,3270 LAŠKO,46.15450,15.23730,Kidričeva ulica,,5,B,Laško,,Laško,3270,Laško
MAISTROVA ULICA 22,2230 LENART V SLOV. GORICAH,46.57734,15.82896,Maistrova ulica,,22,,Lenart v Slov. goricah,,Lenart,2230,Lenart v Slov. goricah
KIDRIČEVA ULICA 34,9220 LENDAVA - LENDVA,46.55821,16.45692,Kidričeva ulica,Kidrič utca,34,,Lendava,Lendva,Lendava,9220,Lendava - Lendva
PARTIZANSKA POT 8 A,1270 LITIJA,46.05389,14.83656,Partizanska pot,,8,A,Litija,,Litija,1270,Litija
CESTA I. SLOVENSKEGA TABORA 2,9240 LJUTOMER,46.52172,16.19326,Cesta I. slovenskega tabora,,2,,Ljutomer,,Ljutomer,9240,Ljutomer
NOTRANJSKA CESTA 2,1370 LOGATEC,45.91681,14.22768,Notranjska cesta,,2,,Logatec,,Logatec,1370,Logatec
OSTROVRHARJEVA ULICA 6,1215 MEDVODE,46.14535,14.40560,Ostrovrharjeva ulica,,6,,Medvode,,Medvode,1215,Medvode
CESTA BRATSTVA IN ENOTNOSTI 71,8330 METLIKA,45.64848,15.31814,Cesta bratstva in enotnosti,,71,,Metlika,,Metlika,8330,Metlika
GRAJSKA ULICA 24,9000 MURSKA SOBOTA,46.66402,16.16066,Grajska ulica,,24,,Murska Sobota,,Murska Sobota,9000,Murska Sobota
KANDIJSKA CESTA 4,8000 NOVO MESTO,45.80129,15.16270,Kandijska cesta,,4,,Novo mesto,,Novo mesto,8000,Novo mesto
ULICA DR. HROVATA 4,2270 ORMOŽ,46.40724,16.14333,Ulica dr. Hrovata,,4,,Ormož,,Ormož,2270,Ormož
REJČEVA ULICA 4,5000 NOVA GORICA,45.95794,13.64553,Rejčeva ulica,,4,,Nova Gorica,,Nova Gorica,5000,Nova Gorica
CESTA SOLINARJEV 1,6320 PORTOROŽ - PORTOROSE,45.50452,13.60205,Cesta solinarjev,Strada dei Salinari,1,,Lucija,Lucia,Piran,6320,Portorož - Portorose
POTRČEVA CESTA 19 A,2250 PTUJ,46.42513,15.87566,Potrčeva cesta,,19,A,Ptuj,,Ptuj,2250,Ptuj
ULICA OF 8,1433 RADEČE,46.06587,15.18065,Ulica OF,,8,,Radeče,,Radeče,1433,Radeče
MARIBORSKA CESTA 37,2360 RADLJE OB DRAVI,46.61372,15.23075,Mariborska cesta,,37,,Radlje ob Dravi,,Radlje ob Dravi,2360,Radlje ob Dravi
OB SUHI 11,2390 RAVNE NA KOROŠKEM,46.54286,14.96765,Ob Suhi,,11,,Ravne na Koroškem,,Ravne na Koroškem,2390,Ravne na Koroškem
TRG SVOBODE 14,8290 SEVNICA,46.01060,15.30248,Trg svobode,,14,,Sevnica,,Sevnica,8290,Sevnica
PARTIZANSKA CESTA 24,6210 SEŽANA,45.70858,13.87152,Partizanska cesta,,24,,Sežana,,Sežana,6210,Sežana
PARTIZANSKA POT 16,2380 SLOVENJ GRADEC,46.50693,15.08202,Partizanska pot,,16,,Slovenj Gradec,,Slovenj Gradec,2380,Slovenj Gradec
PARTIZANSKA ULICA 30,2310 SLOVENSKA BISTRICA,46.39552,15.56233,Partizanska ulica,,30,,Slovenska Bistrica,,Slovenska Bistrica,2310,Slovenska Bistrica
MESTNI TRG 17,3210 SLOVENSKE KONJICE,46.33998,15.42862,Mestni trg,,17,,Slovenske Konjice,,Slovenske Konjice,3210,Slovenske Konjice
PREŠERNOVA ULICA 6 A,5220 TOLMIN,46.18376,13.73472,Prešernova ulica,,6,A,Tolmin,,Tolmin,5220,Tolmin
RUDARSKA CESTA 12,1420 TRBOVLJE,46.15510,15.04796,Rudarska cesta,,12,,Trbovlje,,Trbovlje,1420,Trbovlje
GOLIEV TRG 3,8210 TREBNJE,45.90830,15.00666,Goliev trg,,3,,Trebnje,,Trebnje,8210,Trebnje
VODNIKOVA CESTA 1,3320 VELENJE,46.36151,15.11636,Vodnikova cesta,,1,,Velenje,,Velenje,3320,Velenje
CESTA 6. MAJA 11,1360 VRHNIKA,45.96278,14.29358,Cesta 6. maja,,11,,Vrhnika,,Vrhnika,1360,Vrhnika
AŠKERČEVA CESTA 4,1000 LJUBLJANA,46.04687,14.49913,Aškerčeva cesta,,4,,Ljubljana,,Ljubljana,1000,Ljubljana
CESTA ZMAGE 1,1410 ZAGORJE OB SAVI,46.13384,14.99570,Cesta zmage,,1,,Zagorje ob Savi,,Zagorje ob Savi,1410,Zagorje ob Savi
ULICA GRADNIKOVE BRIGADE 7,5000 NOVA GORICA,45.95843,13.64623,Ulica Gradnikove brigade,,7,,Nova Gorica,,Nova Gorica,5000,Nova Gorica
DELAVSKA POT 4,8340 ČRNOMELJ,45.57549,15.18753,Delavska pot,,4,,Črnomelj,,Črnomelj,8340,Črnomelj
CESTA LEONA DOBROTINŠKA 3 B,3230 ŠENTJUR,46.21453,15.39378,Cesta Leona Dobrotinška,,3,B,Šentjur,,Šentjur,3230,Šentjur
CELJSKA CESTA 16,3240 ŠMARJE PRI JELŠAH,46.22926,15.51610,Celjska cesta,,16,,Šmarje pri Jelšah,,Šmarje pri Jelšah,3240,Šmarje pri Jelšah
GOSPEJNA ULICA 11,2000 MARIBOR,46.55957,15.64234,Gospejna ulica,,11,,Maribor,,Maribor,2000,Maribor
KOLODVORSKA CESTA 3 C,4260 BLED,46.37448,14.09175,Kolodvorska cesta,,3,C,Bled,,Bled,4260,Bled
PTUJSKA CESTA 110,2204 MIKLAVŽ NA DRAVSKEM POLJU,46.50217,15.70260,Ptujska cesta,,110,,Miklavž na Dravskem polju,,Miklavž na Dravskem polju,2204,Miklavž na Dravskem polju
ŠARED 51,6310 IZOLA - ISOLA,45.51187,13.65781,Šared,,51,,Šared,,Izola,6310,Izola - Isola
POŽENELOVA ULICA 22,3270 LAŠKO,46.16482,15.23049,Poženelova ulica,,22,,Laško,,Laško,3270,Laško
BENČIČEVA ULICA 2 D,6000 KOPER - CAPODISTRIA,45.53848,13.71159,Benčičeva ulica,Via Dragomir Benčič,2,D,Koper,Capodistria,Koper,6000,Koper - Capodistria
VLAČIČEVA ULICA 2 A,6000 KOPER - CAPODISTRIA,45.54580,13.72799,Vlačičeva ulica,Calle Matija Vlačič,2,A,Koper,Capodistria,Koper,6000,Koper - Capodistria
OBALA 105,6320 PORTOROŽ - PORTOROSE,45.50549,13.60232,Obala,Lungomare,105,,Lucija,Lucia,Piran,6320,Portorož - Portorose
BAŠELJ 26 B,4205 PREDDVOR,46.31847,14.39961,Bašelj,,26,B,Bašelj,,Preddvor,4205,Preddvor
CESTA SOLINARJEV 1,6320 PORTOROŽ - PORTOROSE,45.50452,13.60205,Cesta solinarjev,Strada dei Salinari,1,,Lucija,Lucia,Piran,6320,Portorož - Portorose
KARDELJEVA CESTA 84,2000 MARIBOR,46.54116,15.63252,Kardeljeva cesta,,84,,Maribor,,Maribor,2000,Maribor
STRELIŠKA POT 2,5000 NOVA GORICA,45.95104,13.63447,Streliška pot,,2,,Nova Gorica,,Nova Gorica,5000,Nova Gorica
VREČKOVA ULICA 3,4000 KRANJ,46.23503,14.36105,Vrečkova ulica,,3,,Kranj,,Kranj,4000,Kranj
PREČNA ULICA 2,6230 POSTOJNA,45.77205,14.21042,Prečna ulica,,2,,Postojna,,Postojna,6230,Postojna
BELOKRIŠKA CESTA 44 C,6320 PORTOROŽ - PORTOROSE,45.51793,13.58636,Belokriška cesta,Strada di Croce Bianca,44,C,Portorož,Portorose,Piran,6320,Portorož - Portorose
STADIONSKA ULICA 4,2342 RUŠE,46.54277,15.50623,Stadionska ulica,,4,,Ruše,,Ruše,2342,Ruše
BEBLERJEVA ULICA 7,6000 KOPER - CAPODISTRIA,45.54048,13.70814,Beblerjeva ulica,Via Aleš Bebler,7,,Koper,Capodistria,Koper,6000,Koper - Capodistria
CESTA ZORE PERELLO-GODINA 1,6000 KOPER - CAPODISTRIA,45.54256,13.72830,Cesta Zore Perello-Godina,Strada Zora Perello-Godina,1,,Koper,Capodistria,Koper,6000,Koper - Capodistria
UTIK 52,1217 VODICE,46.16785,14.50143,Utik,,52,,Utik,,Vodice,1217,Vodice
BOROVA ULICA 2,6240 KOZINA,45.60732,13.94328,Borova ulica,,2,,Hrpelje,,Hrpelje-Kozina,6240,Kozina
DOLGA REBER 35 B,6000 KOPER - CAPODISTRIA,45.54450,13.70170,Dolga reber,Costa Lunga,35,B,Koper,Capodistria,Koper,6000,Koper - Capodistria
BEBLERJEVA ULICA 7,6000 KOPER - CAPODISTRIA,45.54048,13.70814,Beblerjeva ulica,Via Aleš Bebler,7,,Koper,Capodistria,Koper,6000,Koper - Capodistria
PERIČEVA ULICA 31,1000 LJUBLJANA,46.06686,14.51147,Peričeva ulica,,31,,Ljubljana,,Ljubljana,1000,Ljubljana
CESTA SOLINARJEV 1,6320 PORTOROŽ - PORTOROSE,45.50452,13.60205,Cesta solinarjev,Strada dei Salinari,1,,Lucija,Lucia,Piran,6320,Portorož - Portorose
ROZMANOVA ULICA 13,6000 KOPER - CAPODISTRIA,45.53894,13.72060,Rozmanova ulica,Via Stane Rozman,13,,Koper,Capodistria,Koper,6000,Koper - Capodistria
JUŽNA CESTA 4 B,6310 IZOLA - ISOLA,45.53109,13.66517,Južna cesta,Strada Meridionale,4,B,Izola,Isola,Izola,6310,Izola - Isola
GLAGOLJAŠKA ULICA 1 C,6000 KOPER - CAPODISTRIA,45.54925,13.72716,Glagoljaška ulica,Via dei Glagoliti,1,C,Koper,Capodistria,Koper,6000,Koper - Capodistria
PLINTOVEC 7 B,2201 ZGORNJA KUNGOTA,46.63896,15.61566,Plintovec,,7,B,Plintovec,,Kungota,2201,Zgornja Kungota
VILHARJEV PODHOD 1,1000 LJUBLJANA,46.06032,14.51507,Vilharjev podhod,,1,,Ljubljana,,Ljubljana,1000,Ljubljana
CESTA NA MARKOVEC 31,6000 KOPER - CAPODISTRIA,45.53704,13.71563,Cesta na Markovec,Strada di Monte Marco,31,,Koper,Capodistria,Koper,6000,Koper - Capodistria
OSOJNIKOVA CESTA 9,2250 PTUJ,46.42061,15.87558,Osojnikova cesta,,9,,Ptuj,,Ptuj,2250,Ptuj
CESTA 6. MAJA 11,1360 VRHNIKA,45.96278,14.29358,Cesta 6. maja,,11,,Vrhnika,,Vrhnika,1360,Vrhnika
ZADREČKA CESTA 14,3331 NAZARJE,46.31723,14.94681,Zadrečka cesta,,14,,Nazarje,,Nazarje,3331,Nazarje
GRAD 187,9264 GRAD,46.80149,16.09203,Grad,,187,,Grad,,Grad,9264,Grad
MED VRTOVI 8,1360 VRHNIKA,45.96540,14.28766,Med vrtovi,,8,,Vrhnika,,Vrhnika,1360,Vrhnika
ULICA HEROJA NANDETA 31,2000 MARIBOR,46.53267,15.67335,Ulica heroja Nandeta,,31,,Maribor,,Maribor,2000,Maribor
METELKOVA ULICA 48,2000 MARIBOR,46.54221,15.64158,Metelkova ulica,,48,,Maribor,,Maribor,2000,Maribor
PUTRIHOVA ULICA 1,1000 LJUBLJANA,46.11509,14.46525,Putrihova ulica,,1,,Ljubljana,,Ljubljana,1000,Ljubljana
PARTIZANSKA ULICA 30,2310 SLOVENSKA BISTRICA,46.39552,15.56233,Partizanska ulica,,30,,Slovenska Bistrica,,Slovenska Bistrica,2310,Slovenska Bistrica
KRVAVŠKA CESTA 4,4207 CERKLJE NA GORENJSKEM,46.25433,14.48847,Krvavška cesta,,4,,Cerklje na Gorenjskem,,Cerklje na Gorenjskem,4207,Cerklje na Gorenjskem
NA TRATI 2,2000 MARIBOR,46.53586,15.68739,Na trati,,2,,Maribor,,Maribor,2000,Maribor
CIRKOVCE 47,2326 CIRKOVCE,46.39472,15.72270,Cirkovce,,47,,Cirkovce,,Kidričevo,2326,Cirkovce
PARTIZANSKA ULICA 30,2310 SLOVENSKA BISTRICA,46.39552,15.56233,Partizanska ulica,,30,,Slovenska Bistrica,,Slovenska Bistrica,2310,Slovenska Bistrica
POTRČEVA CESTA 17,2250 PTUJ,46.42485,15.87672,Potrčeva cesta,,17,,Ptuj,,Ptuj,2250,Ptuj
TRG 41,5292 RENČE,45.88958,13.66932,Trg,,41,,Renče,,Renče-Vogrsko,5292,Renče
GOSPOSVETSKA ULICA 10 B,4000 KRANJ,46.24826,14.35331,Gosposvetska ulica,,10,B,Kranj,,Kranj,4000,Kranj
ROGAŠOVCI 14 A,9262 ROGAŠOVCI,46.80513,16.03630,Rogašovci,,14,A,Rogašovci,,Rogašovci,9262,Rogašovci
KOROŠKA ULICA 2,4280 KRANJSKA GORA,46.48538,13.78242,Koroška ulica,,2,,Kranjska Gora,,Kranjska Gora,4280,Kranjska Gora
MAKOLE 28,2321 MAKOLE,46.31735,15.66729,Makole,,28,,Makole,,Makole,2321,Makole
PARTIZANSKA POT 16,2380 SLOVENJ GRADEC,46.50693,15.08202,Partizanska pot,,16,,Slovenj Gradec,,Slovenj Gradec,2380,Slovenj Gradec
PARTIZANSKA ULICA 30,2310 SLOVENSKA BISTRICA,46.39552,15.56233,Partizanska ulica,,30,,Slovenska Bistrica,,Slovenska Bistrica,2310,Slovenska Bistrica
ULICA POHORSKEGA BATALJONA 11,2317 OPLOTNICA,46.38817,15.44733,Ulica Pohorskega bataljona,,11,,Oplotnica,,Oplotnica,2317,Oplotnica
MLINSKA ULICA 6,9220 LENDAVA - LENDVA,46.56183,16.45256,Mlinska ulica,Malom utca,6,,Lendava,Lendva,Lendava,9220,Lendava - Lendva
DEKANI 209,6271 DEKANI,45.54898,13.81275,Dekani,,209,,Dekani,,Koper,6271,Dekani
MARTJANCI 35,9221 MARTJANCI,46.68503,16.19115,Martjanci,,35,,Martjanci,,Moravske Toplice,9221,Martjanci
TLAKA 10,3342 GORNJI GRAD,46.29728,14.80953,Tlaka,,10,,Gornji Grad,,Gornji Grad,3342,Gornji Grad
MLINSKA ULICA 6 E,9220 LENDAVA - LENDVA,46.56214,16.45301,Mlinska ulica,Malom utca,6,E,Lendava,Lendva,Lendava,9220,Lendava - Lendva
POTRČEVA CESTA 4 A,2250 PTUJ,46.42174,15.87383,Potrčeva cesta,,4,A,Ptuj,,Ptuj,2250,Ptuj
SLADKI VRH 5,2214 SLADKI VRH,46.69756,15.73680,Sladki Vrh,,5,,Sladki Vrh,,Šentilj,2214,Sladki Vrh
GOGALOVA ULICA 15,1000 LJUBLJANA,46.08715,14.51076,Gogalova ulica,,15,,Ljubljana,,Ljubljana,1000,Ljubljana
URANIČEVA ULICA 4 A,1000 LJUBLJANA,46.07105,14.47191,Uraničeva ulica,,4,A,Ljubljana,,Ljubljana,1000,Ljubljana
AŠKERČEVA ULICA 14,3000 CELJE,46.23059,15.26804,Aškerčeva ulica,,14,,Celje,,Celje,3000,Celje
ULICA PREKMURSKE ČETE 12,9000 MURSKA SOBOTA,46.65297,16.15597,Ulica Prekmurske čete,,12,,Murska Sobota,,Murska Sobota,9000,Murska Sobota
MORSKO 1,5213 KANAL,46.08033,13.63544,Morsko,,1,,Morsko,,Kanal,5213,Kanal
KOROŠKA CESTA 52,2000 MARIBOR,46.55910,15.63717,Koroška cesta,,52,,Maribor,,Maribor,2000,Maribor
KOLODVORSKA CESTA 24,6257 PIVKA,45.68043,14.19460,Kolodvorska cesta,,24,,Pivka,,Pivka,6257,Pivka
GOSPOSVETSKA ULICA 10 A,4000 KRANJ,46.24862,14.35322,Gosposvetska ulica,,10,A,Kranj,,Kranj,4000,Kranj
KOCLJEVA ULICA 9,9000 MURSKA SOBOTA,46.65945,16.16360,Kocljeva ulica,,9,,Murska Sobota,,Murska Sobota,9000,Murska Sobota
TOLSTOJEVA ULICA 3,2000 MARIBOR,46.54793,15.67025,Tolstojeva ulica,,3,,Maribor,,Maribor,2000,Maribor
PANONSKA ULICA 35 B,9231 BELTINCI,46.60893,16.23851,Panonska ulica,,35,B,Beltinci,,Beltinci,9231,Beltinci
KOPITARJEV TRG 1,1217 VODICE,46.18729,14.49116,Kopitarjev trg,,1,,Vodice,,Vodice,1217,Vodice
TRUBARJEVA ULICA 11,3000 CELJE,46.23108,15.25643,Trubarjeva ulica,,11,,Celje,,Celje,3000,Celje
PODPEŠKA CESTA 14,1351 BREZOVICA PRI LJUBLJANI,46.02162,14.41607,Podpeška cesta,,14,,Brezovica pri Ljubljani,,Brezovica,1351,Brezovica pri Ljubljani
GUBČEVA CESTA 41 A,8210 TREBNJE,45.90835,15.01221,Gubčeva cesta,,41,A,Trebnje,,Trebnje,8210,Trebnje
KOČEVARJEVA ULICA 40,8000 NOVO MESTO,45.81626,15.15821,Kočevarjeva ulica,,40,,Novo mesto,,Novo mesto,8000,Novo mesto
LJUBLJANSKA CESTA 26,8000 NOVO MESTO,45.81489,15.15479,Ljubljanska cesta,,26,,Novo mesto,,Novo mesto,8000,Novo mesto
ULICA STANETA SEVERJA 7,2000 MARIBOR,46.53749,15.63301,Ulica Staneta Severja,,7,,Maribor,,Maribor,2000,Maribor
ULICA DR. HROVATA 4,2270 ORMOŽ,46.40724,16.14333,Ulica dr. Hrovata,,4,,Ormož,,Ormož,2270,Ormož
KOSOVA ULICA 9,2000 MARIBOR,46.54104,15.59950,Kosova ulica,,9,,Maribor,,Maribor,2000,Maribor
VOJKOVO NABREŽJE 27,6000 KOPER - CAPODISTRIA,45.54662,13.73465,Vojkovo nabrežje,Riva Janko Premrl-Vojko,27,,Koper,Capodistria,Koper,6000,Koper - Capodistria
ULICA POHORSKEGA BATALJONA 11,2317 OPLOTNICA,46.38817,15.44733,Ulica Pohorskega bataljona,,11,,Oplotnica,,Oplotnica,2317,Oplotnica
ŠOLSKA ULICA 9,4205 PREDDVOR,46.30451,14.42003,Šolska ulica,,9,,Preddvor,,Preddvor,4205,Preddvor
GOSPOSVETSKA ULICA 10 A,4000 KRANJ,46.24862,14.35322,Gosposvetska ulica,,10,A,Kranj,,Kranj,4000,Kranj
MESTNI TRG 2,1230 DOMŽALE,46.13975,14.59617,Mestni trg,,2,,Domžale,,Domžale,1230,Domžale
ZADOBROVŠKA CESTA 18 A,1260 LJUBLJANA - POLJE,46.05719,14.58402,Zadobrovška cesta,,18,A,Ljubljana,,Ljubljana,1260,Ljubljana - Polje
BELSKA CESTA 42,4205 PREDDVOR,46.30180,14.41638,Belska cesta,,42,,Preddvor,,Preddvor,4205,Preddvor
STARA CESTA 21,4220 ŠKOFJA LOKA,46.16629,14.31470,Stara cesta,,21,,Škofja Loka,,Škofja Loka,4220,Škofja Loka
ULICA SERGEJA MAŠERE 7,6000 KOPER - CAPODISTRIA,45.54072,13.71264,Ulica Sergeja Mašere,Via Sergej Mašera,7,,Koper,Capodistria,Koper,6000,Koper - Capodistria
KOPITARJEVA ULICA 2,2000 MARIBOR,46.56326,15.65746,Kopitarjeva ulica,,2,,Maribor,,Maribor,2000,Maribor
PRISOJNA POT 10,6000 KOPER - CAPODISTRIA,45.54649,13.70532,Prisojna pot,Vicolo Assolato,10,,Koper,Capodistria,Koper,6000,Koper - Capodistria
ČENTUR 23,6273 MAREZIGE,45.50993,13.77048,Čentur,,23,,Čentur,,Koper,6273,Marezige
GORIŠNICA 65,2272 GORIŠNICA,46.41047,16.01167,Gorišnica,,65,,Gorišnica,,Gorišnica,2272,Gorišnica
DOBRAVA PRI KONJICAH 3 B,3210 SLOVENSKE KONJICE,46.34627,15.41290,Dobrava pri Konjicah,,3,B,Dobrava pri Konjicah,,Slovenske Konjice,3210,Slovenske Konjice
MESTNA ULICA 7,3270 LAŠKO,46.15460,15.23636,Mestna ulica,,7,,Laško,,Laško,3270,Laško
POT V TOPLICE 9,2250 PTUJ,46.42154,15.85575,Pot v toplice,,9,,Ptuj,,Ptuj,2250,Ptuj
ŽELEZNA CESTA 10,1000 LJUBLJANA,46.06082,14.51403,Železna cesta,,10,,Ljubljana,,Ljubljana,1000,Ljubljana
CESTA KRŠKIH ŽRTEV 43,8270 KRŠKO,45.96424,15.48640,Cesta krških žrtev,,43,,Krško,,Krško,8270,Krško
BRAJNIKOVA ULICA 20,1000 LJUBLJANA,46.07204,14.46614,Brajnikova ulica,,20,,Ljubljana,,Ljubljana,1000,Ljubljana
MAJNIKOVA ULICA 1,1310 RIBNICA,45.74238,14.72596,Majnikova ulica,,1,,Ribnica,,Ribnica,1310,Ribnica
ŽOLGARJEVA ULICA 7,2000 MARIBOR,46.55030,15.64122,Žolgarjeva ulica,,7,,Maribor,,Maribor,2000,Maribor
POD JELŠAMI 20,1000 LJUBLJANA,46.03383,14.49319,Pod jelšami,,20,,Ljubljana,,Ljubljana,1000,Ljubljana
ULICA NA PRISTAVAH 1,8340 ČRNOMELJ,45.57823,15.19245,Ulica na Pristavah,,1,,Črnomelj,,Črnomelj,8340,Črnomelj
STADIONSKA ULICA 4,2342 RUŠE,46.54277,15.50623,Stadionska ulica,,4,,Ruše,,Ruše,2342,Ruše
KERŠOVA ULICA 1,3212 VOJNIK,46.29133,15.30397,Keršova ulica,,1,,Vojnik,,Vojnik,3212,Vojnik
ULICA BRATOV BABNIK 10,1000 LJUBLJANA,46.07645,14.46600,Ulica bratov Babnik,,10,,Ljubljana,,Ljubljana,1000,Ljubljana
POTRČEVA CESTA 15,2250 PTUJ,46.42472,15.87653,Potrčeva cesta,,15,,Ptuj,,Ptuj,2250,Ptuj
NOVI DOM 11,1430 HRASTNIK,46.14030,15.08513,Novi dom,,11,,Hrastnik,,Hrastnik,1430,Hrastnik
CESTA V MESTNI LOG 55,1000 LJUBLJANA,46.03620,14.48957,Cesta v Mestni log,,55,,Ljubljana,,Ljubljana,1000,Ljubljana
LITIJSKA CESTA 47,1000 LJUBLJANA,46.04806,14.54442,Litijska cesta,,47,,Ljubljana,,Ljubljana,1000,Ljubljana
ULICA VLADIMIRJA DOLNIČARJA 11,1356 DOBROVA,46.05355,14.41726,Ulica Vladimirja Dolničarja,,11,,Dobrova,,Dobrova-Polhov Gradec,1356,Dobrova
TRG SVOBODE 14,8290 SEVNICA,46.01060,15.30248,Trg svobode,,14,,Sevnica,,Sevnica,8290,Sevnica
VOLODJEVA ULICA 17,2000 MARIBOR,46.53031,15.66820,Volodjeva ulica,,17,,Maribor,,Maribor,2000,Maribor
OSOJNIKOVA CESTA 9,2250 PTUJ,46.42061,15.87558,Osojnikova cesta,,9,,Ptuj,,Ptuj,2250,Ptuj
CESTA I. SLOVENSKEGA TABORA 2,9240 LJUTOMER,46.52172,16.19326,Cesta I. slovenskega tabora,,2,,Ljutomer,,Ljutomer,9240,Ljutomer
GREGORČIČEVA ULICA 5,3000 CELJE,46.23224,15.26227,Gregorčičeva ulica,,5,,Celje,,Celje,3000,Celje
LACKOVA CESTA 135,2341 LIMBUŠ,46.54667,15.59819,Lackova cesta,,135,,Pekre,,Maribor,2341,Limbuš
PUPINOVA ULICA 2,2000 MARIBOR,46.55272,15.64503,Pupinova ulica,,2,,Maribor,,Maribor,2000,Maribor
MAISTROVA ULICA 22,2230 LENART V SLOV. GORICAH,46.57734,15.82896,Maistrova ulica,,22,,Lenart v Slov. goricah,,Lenart,2230,Lenart v Slov. goricah
OTOKI 14,4228 ŽELEZNIKI,46.22414,14.16365,Otoki,,14,,Železniki,,Železniki,4228,Železniki
VODNIKOVA CESTA 1,3320 VELENJE,46.36151,15.11636,Vodnikova cesta,,1,,Velenje,,Velenje,3320,Velenje
MESTNI TRG 2,1230 DOMŽALE,46.13975,14.59617,Mestni trg,,2,,Domžale,,Domžale,1230,Domžale
LUČE 106,3334 LUČE,46.35640,14.74415,Luče,,106,,Luče,,Luče,3334,Luče
STANETOVA CESTA 27,3320 VELENJE,46.36631,15.11286,Stanetova cesta,,27,,Velenje,,Velenje,3320,Velenje
PERIČEVA ULICA 31,1000 LJUBLJANA,46.06686,14.51147,Peričeva ulica,,31,,Ljubljana,,Ljubljana,1000,Ljubljana
JENKOVA ULICA 36,3000 CELJE,46.23621,15.26007,Jenkova ulica,,36,,Celje,,Celje,3000,Celje
TIŠINA 30,9251 TIŠINA,46.65356,16.08631,Tišina,,30,,Tišina,,Tišina,9251,Tišina
CESTA NA BRDO 69,1000 LJUBLJANA,46.04600,14.46887,Cesta na Brdo,,69,,Ljubljana,,Ljubljana,1000,Ljubljana
ČERNELČEVA CESTA 8,8250 BREŽICE,45.90811,15.59415,Černelčeva cesta,,8,,Brežice,,Brežice,8250,Brežice
CESTA V MESTNI LOG 55,1000 LJUBLJANA,46.03620,14.48957,Cesta v Mestni log,,55,,Ljubljana,,Ljubljana,1000,Ljubljana
